ip,lat,lon,isp,isprating,rating,ispdlavg,ispulavg,loggedin,country,timestamp
86.7.92.97,52.2124,0.1534,Virgin Media,3.7,0,0,0,0,GB,2020-11-14T20:30:04.177010Z
86.7.92.97,52.2124,0.1534,Virgin Media,3.7,0,0,0,0,GB,2020-11-14T21:30:04.116079Z
86.7.92.97,52.2124,0.1534,Virgin Media,3.7,0,0,0,0,GB,2020-11-15T10:30:04.266835Z
86.7.92.97,52.2124,0.1534,Virgin Media,3.7,0,0,0,0,GB,2020-11-15T12:30:09.392074Z
86.7.92.97,52.2124,0.1534,Virgin Media,3.7,0,0,0,0,GB,2020-11-15T15:30:05.088660Z
86.7.92.97,52.2124,0.1534,Virgin Media,3.7,0,0,0,0,GB,2020-11-15T16:30:05.654411Z
86.7.92.97,52.2124,0.1534,Virgin Media,3.7,0,0,0,0,GB,2020-11-15T21:30:04.790720Z
86.7.92.97,52.2124,0.1534,Virgin Media,3.7,0,0,0,0,GB,2020-11-15T22:30:07.384125Z
54.240.197.239,53.3331,-6.2489,Amazon Office,3.7,0,0,0,0,IE,2020-11-16T09:30:04.383694Z
54.240.197.239,53.3331,-6.2489,Amazon Office,3.7,0,0,0,0,IE,2020-11-16T10:30:06.790882Z
54.240.197.239,53.3331,-6.2489,Amazon Office,3.7,0,0,0,0,IE,2020-11-16T11:30:04.398472Z
54.240.197.239,53.3331,-6.2489,Amazon Office,3.7,0,0,0,0,IE,2020-11-16T13:30:07.725281Z
54.240.197.239,53.3331,-6.2489,Amazon Office,3.7,0,0,0,0,IE,2020-11-16T14:30:06.642823Z
81.111.29.191,52.2242,0.1315,Virgin Media,3.7,0,0,0,0,GB,2020-11-16T14:52:57.413418Z
54.240.197.230,53.3331,-6.2489,Amazon Office,3.7,0,0,0,0,IE,2020-11-16T15:30:06.105448Z
54.240.197.238,53.3331,-6.2489,Amazon Office,3.7,0,0,0,0,IE,2020-11-16T16:30:06.103987Z
54.240.197.230,53.3331,-6.2489,Amazon Office,3.7,0,0,0,0,IE,2020-11-16T17:30:05.702322Z
54.240.197.230,53.3331,-6.2489,Amazon Office,3.7,0,0,0,0,IE,2020-11-16T18:30:04.517166Z
54.240.197.230,53.3331,-6.2489,Amazon Office,3.7,0,0,0,0,IE,2020-11-16T19:30:04.953063Z
54.240.197.230,53.3331,-6.2489,Amazon Office,3.7,0,0,0,0,IE,2020-11-16T20:30:05.533203Z
54.240.197.238,53.3331,-6.2489,Amazon Office,3.7,0,0,0,0,IE,2020-11-16T21:30:04.951985Z
54.240.197.230,53.3331,-6.2489,Amazon Office,3.7,0,0,0,0,IE,2020-11-16T22:30:05.057375Z
54.240.197.238,53.3331,-6.2489,Amazon Office,3.7,0,0,0,0,IE,2020-11-16T23:30:05.926416Z
54.240.197.230,53.3331,-6.2489,Amazon Office,3.7,0,0,0,0,IE,2020-11-17T00:30:04.704456Z
54.240.197.230,53.3331,-6.2489,Amazon Office,3.7,0,0,0,0,IE,2020-11-17T01:30:03.740338Z
54.240.197.230,53.3331,-6.2489,Amazon Office,3.7,0,0,0,0,IE,2020-11-17T02:30:05.003512Z
54.240.197.238,53.3331,-6.2489,Amazon Office,3.7,0,0,0,0,IE,2020-11-17T03:30:04.380327Z
54.240.197.238,53.3331,-6.2489,Amazon Office,3.7,0,0,0,0,IE,2020-11-17T04:30:04.917648Z
54.240.197.230,53.3331,-6.2489,Amazon Office,3.7,0,0,0,0,IE,2020-11-17T05:30:04.459600Z
54.240.197.230,53.3331,-6.2489,Amazon Office,3.7,0,0,0,0,IE,2020-11-17T06:30:04.477750Z
54.240.197.230,53.3331,-6.2489,Amazon Office,3.7,0,0,0,0,IE,2020-11-17T07:30:05.090003Z
54.240.197.238,53.3331,-6.2489,Amazon Office,3.7,0,0,0,0,IE,2020-11-17T08:30:04.626039Z
81.111.29.191,52.2242,0.1315,Virgin Media,3.7,0,0,0,0,GB,2020-11-17T09:30:04.570824Z
81.111.29.191,52.2242,0.1315,Virgin Media,3.7,0,0,0,0,GB,2020-11-17T10:30:03.694719Z
81.111.29.191,52.2242,0.1315,Virgin Media,3.7,0,0,0,0,GB,2020-11-17T11:30:03.884302Z
81.111.29.191,52.2242,0.1315,Virgin Media,3.7,0,0,0,0,GB,2020-11-17T13:30:09.779069Z
54.239.6.186,50.1188,8.6843,Amazon Office,3.7,0,0,0,0,DE,2020-11-17T14:30:05.051257Z
54.239.6.185,50.1188,8.6843,Amazon Office,3.7,0,0,0,0,DE,2020-11-17T15:30:06.101587Z
54.239.6.187,50.1188,8.6843,Amazon Office,3.7,0,0,0,0,DE,2020-11-17T16:30:04.868339Z
54.239.6.186,50.1188,8.6843,Amazon Office,3.7,0,0,0,0,DE,2020-11-17T17:30:10.262430Z
81.111.29.191,52.2242,0.1315,Virgin Media,3.7,0,0,0,0,GB,2020-11-17T18:30:04.683229Z
81.111.29.191,52.2242,0.1315,Virgin Media,3.7,0,0,0,0,GB,2020-11-17T23:30:04.788503Z
81.111.29.191,52.2242,0.1315,Virgin Media,3.7,0,0,0,0,GB,2020-11-18T09:30:13.539849Z
81.111.29.191,52.2242,0.1315,Virgin Media,3.7,0,0,0,0,GB,2020-11-18T10:30:05.498870Z
54.239.6.186,50.1188,8.6843,Amazon Office,3.7,0,0,0,0,DE,2020-11-18T11:30:06.798865Z
54.239.6.187,50.1188,8.6843,Amazon Office,3.7,0,0,0,0,DE,2020-11-18T13:30:05.003556Z
81.111.29.191,52.2242,0.1315,Virgin Media,3.7,0,0,0,0,GB,2020-11-18T14:30:06.570852Z
81.111.29.191,52.2242,0.1315,Virgin Media,3.7,0,0,0,0,GB,2020-11-18T15:30:04.035147Z
54.239.6.186,50.1188,8.6843,Amazon Office,3.7,0,0,0,0,DE,2020-11-18T16:30:05.822038Z
54.239.6.185,50.1188,8.6843,Amazon Office,3.7,0,0,0,0,DE,2020-11-18T17:30:05.553658Z
81.111.29.191,52.2242,0.1315,Virgin Media,3.7,0,0,0,0,GB,2020-11-18T19:30:05.910974Z
81.111.29.191,52.2242,0.1315,Virgin Media,3.7,0,0,0,0,GB,2020-11-18T20:30:06.614405Z
81.111.29.191,52.2242,0.1315,Virgin Media,3.7,0,0,0,0,GB,2020-11-18T21:30:07.016263Z
81.111.29.191,52.2242,0.1315,Virgin Media,3.7,0,0,0,0,GB,2020-11-18T22:30:07.269735Z
81.111.29.191,52.2242,0.1315,Virgin Media,3.7,0,0,0,0,GB,2020-11-18T23:36:58.430507Z
81.111.29.191,52.2242,0.1315,Virgin Media,3.7,0,0,0,0,GB,2020-11-19T00:30:04.553438Z
81.111.29.191,52.2242,0.1315,Virgin Media,3.7,0,0,0,0,GB,2020-11-19T09:30:05.136695Z
81.111.29.191,52.2242,0.1315,Virgin Media,3.7,0,0,0,0,GB,2020-11-19T10:30:05.793724Z
81.111.29.191,52.2242,0.1315,Virgin Media,3.7,0,0,0,0,GB,2020-11-19T11:30:04.798102Z
81.111.29.191,52.2242,0.1315,Virgin Media,3.7,0,0,0,0,GB,2020-11-19T13:30:06.218877Z
81.111.29.191,52.2242,0.1315,Virgin Media,3.7,0,0,0,0,GB,2020-11-19T14:30:07.343078Z
81.111.29.191,52.2242,0.1315,Virgin Media,3.7,0,0,0,0,GB,2020-11-19T15:30:05.786206Z
81.111.29.191,52.2242,0.1315,Virgin Media,3.7,0,0,0,0,GB,2020-11-19T16:30:04.677801Z
81.111.29.191,52.2242,0.1315,Virgin Media,3.7,0,0,0,0,GB,2020-11-19T17:30:04.819107Z
81.111.29.191,52.2242,0.1315,Virgin Media,3.7,0,0,0,0,GB,2020-11-19T18:30:05.538463Z
81.111.29.191,52.2242,0.1315,Virgin Media,3.7,0,0,0,0,GB,2020-11-19T19:30:05.790401Z
81.111.29.191,52.2242,0.1315,Virgin Media,3.7,0,0,0,0,GB,2020-11-19T20:30:03.577500Z
81.111.29.191,52.2242,0.1315,Virgin Media,3.7,0,0,0,0,GB,2020-11-19T21:30:04.480057Z
81.111.29.191,52.2242,0.1315,Virgin Media,3.7,0,0,0,0,GB,2020-11-19T22:30:03.738210Z
81.111.29.191,52.2242,0.1315,Virgin Media,3.7,0,0,0,0,GB,2020-11-19T23:30:05.083805Z
81.111.29.191,52.2242,0.1315,Virgin Media,3.7,0,0,0,0,GB,2020-11-20T01:30:05.939833Z
81.111.29.191,52.2242,0.1315,Virgin Media,3.7,0,0,0,0,GB,2020-11-20T02:30:03.277193Z
81.111.29.191,52.2242,0.1315,Virgin Media,3.7,0,0,0,0,GB,2020-11-20T03:30:03.554064Z
81.111.29.191,52.2242,0.1315,Virgin Media,3.7,0,0,0,0,GB,2020-11-20T04:30:03.953523Z
81.111.29.191,52.2242,0.1315,Virgin Media,3.7,0,0,0,0,GB,2020-11-20T05:30:04.230597Z
81.111.29.191,52.2242,0.1315,Virgin Media,3.7,0,0,0,0,GB,2020-11-20T06:30:04.979711Z
81.111.29.191,52.2242,0.1315,Virgin Media,3.7,0,0,0,0,GB,2020-11-20T07:30:04.972524Z
81.111.29.191,52.2242,0.1315,Virgin Media,3.7,0,0,0,0,GB,2020-11-20T08:30:03.680879Z
54.239.6.187,50.1188,8.6843,Amazon Office,3.7,0,0,0,0,DE,2020-11-20T10:30:05.417827Z
54.239.6.188,50.1188,8.6843,Amazon.com,3.7,0,0,0,0,DE,2020-11-20T11:30:05.744951Z
54.239.6.187,50.1188,8.6843,Amazon Office,3.7,0,0,0,0,DE,2020-11-20T13:30:05.005039Z
81.111.29.191,52.2242,0.1315,Virgin Media,3.7,0,0,0,0,GB,2020-11-20T15:30:04.478260Z
81.111.29.191,52.2242,0.1315,Virgin Media,3.7,0,0,0,0,GB,2020-11-20T16:30:04.080088Z
81.111.29.191,52.2242,0.1315,Virgin Media,3.7,0,0,0,0,GB,2020-11-20T17:30:06.049481Z
81.111.29.191,52.2242,0.1315,Virgin Media,3.7,0,0,0,0,GB,2020-11-20T18:30:05.052353Z
81.111.29.191,52.2242,0.1315,Virgin Media,3.7,0,0,0,0,GB,2020-11-20T19:30:03.928338Z
81.111.29.191,52.2242,0.1315,Virgin Media,3.7,0,0,0,0,GB,2020-11-20T20:30:05.716948Z
81.111.29.191,52.2242,0.1315,Virgin Media,3.7,0,0,0,0,GB,2020-11-20T21:30:06.643398Z
81.111.29.191,52.2242,0.1315,Virgin Media,3.7,0,0,0,0,GB,2020-11-20T22:30:05.100470Z
81.111.29.191,52.2242,0.1315,Virgin Media,3.7,0,0,0,0,GB,2020-11-20T23:30:04.304441Z
81.111.29.191,52.2242,0.1315,Virgin Media,3.7,0,0,0,0,GB,2020-11-21T10:30:04.300579Z
81.111.29.191,52.2242,0.1315,Virgin Media,3.7,0,0,0,0,GB,2020-11-21T13:30:05.120519Z
81.111.29.191,52.2242,0.1315,Virgin Media,3.7,0,0,0,0,GB,2020-11-21T14:30:04.355925Z
81.111.29.191,52.2242,0.1315,Virgin Media,3.7,0,0,0,0,GB,2020-11-21T15:30:17.159530Z
81.111.29.191,52.2242,0.1315,Virgin Media,3.7,0,0,0,0,GB,2020-11-21T16:30:09.791095Z
81.111.29.191,52.2242,0.1315,Virgin Media,3.7,0,0,0,0,GB,2020-11-21T21:30:04.904851Z
81.111.29.191,52.2242,0.1315,Virgin Media,3.7,0,0,0,0,GB,2020-11-21T22:30:04.998402Z
81.111.29.191,52.2242,0.1315,Virgin Media,3.7,0,0,0,0,GB,2020-11-22T15:30:09.173499Z
81.111.29.191,52.2242,0.1315,Virgin Media,3.7,0,0,0,0,GB,2020-11-22T16:30:05.562169Z
81.111.29.191,52.2242,0.1315,Virgin Media,3.7,0,0,0,0,GB,2020-11-22T17:30:04.361989Z
81.111.29.191,52.2242,0.1315,Virgin Media,3.7,0,0,0,0,GB,2020-11-22T18:30:07.007706Z
81.111.29.191,52.2242,0.1315,Virgin Media,3.7,0,0,0,0,GB,2020-11-22T19:30:04.733510Z
81.111.29.191,52.2242,0.1315,Virgin Media,3.7,0,0,0,0,GB,2020-11-22T20:30:04.680385Z
81.111.29.191,52.2242,0.1315,Virgin Media,3.7,0,0,0,0,GB,2020-11-22T21:30:04.523834Z
81.111.29.191,52.2242,0.1315,Virgin Media,3.7,0,0,0,0,GB,2020-11-22T22:30:03.997558Z
81.111.29.191,52.2242,0.1315,Virgin Media,3.7,0,0,0,0,GB,2020-11-22T23:30:04.040333Z
81.111.29.191,52.2242,0.1315,Virgin Media,3.7,0,0,0,0,GB,2020-11-23T09:30:09.811661Z
81.111.29.191,52.2242,0.1315,Virgin Media,3.7,0,0,0,0,GB,2020-11-23T10:30:09.774010Z
81.111.29.191,52.2242,0.1315,Virgin Media,3.7,0,0,0,0,GB,2020-11-23T11:30:04.799560Z
54.239.6.186,50.1188,8.6843,Amazon Office,3.7,0,0,0,0,DE,2020-11-23T13:30:05.583477Z
54.239.6.188,50.1188,8.6843,Amazon.com,3.7,0,0,0,0,DE,2020-11-23T14:30:04.939828Z
54.239.6.188,50.1188,8.6843,Amazon.com,3.7,0,0,0,0,DE,2020-11-23T15:30:04.541834Z
54.239.6.188,50.1188,8.6843,Amazon.com,3.7,0,0,0,0,DE,2020-11-23T16:30:09.924683Z
54.239.6.186,50.1188,8.6843,Amazon Office,3.7,0,0,0,0,DE,2020-11-23T18:30:04.273238Z
54.239.6.185,50.1188,8.6843,Amazon Office,3.7,0,0,0,0,DE,2020-11-23T19:30:05.139827Z
54.239.6.185,50.1188,8.6843,Amazon Office,3.7,0,0,0,0,DE,2020-11-23T20:30:06.625685Z
54.239.6.185,50.1188,8.6843,Amazon Office,3.7,0,0,0,0,DE,2020-11-23T21:30:22.325752Z
81.111.29.191,52.2242,0.1315,Virgin Media,3.7,0,0,0,0,GB,2020-11-23T22:30:06.813829Z
81.111.29.191,52.2242,0.1315,Virgin Media,3.7,0,0,0,0,GB,2020-11-23T23:30:07.342794Z
81.111.29.191,52.2242,0.1315,Virgin Media,3.7,0,0,0,0,GB,2020-11-24T09:30:17.894764Z
54.240.197.232,53.3331,-6.2489,Amazon Office,3.7,0,0,0,0,IE,2020-11-24T10:30:05.252142Z
54.240.197.232,53.3331,-6.2489,Amazon Office,3.7,0,0,0,0,IE,2020-11-24T11:30:06.421176Z
54.240.197.232,53.3331,-6.2489,Amazon Office,3.7,0,0,0,0,IE,2020-11-24T12:30:04.916509Z
54.240.197.232,53.3331,-6.2489,Amazon Office,3.7,0,0,0,0,IE,2020-11-24T14:30:06.290741Z
54.240.197.232,53.3331,-6.2489,Amazon Office,3.7,0,0,0,0,IE,2020-11-24T15:30:07.032702Z
54.240.197.232,53.3331,-6.2489,Amazon Office,3.7,0,0,0,0,IE,2020-11-24T16:30:09.299362Z
81.111.29.191,52.2242,0.1315,Virgin Media,3.7,0,0,0,0,GB,2020-11-24T17:30:08.543809Z
81.111.29.191,52.2242,0.1315,Virgin Media,3.7,0,0,0,0,GB,2020-11-24T18:30:04.142290Z
81.111.29.191,52.2242,0.1315,Virgin Media,3.7,0,0,0,0,GB,2020-11-24T19:30:04.966244Z
81.111.29.191,52.2242,0.1315,Virgin Media,3.7,0,0,0,0,GB,2020-11-24T20:30:07.608138Z
81.111.29.191,52.2242,0.1315,Virgin Media,3.7,0,0,0,0,GB,2020-11-24T21:30:07.336425Z
81.111.29.191,52.2242,0.1315,Virgin Media,3.7,0,0,0,0,GB,2020-11-24T22:30:06.946793Z
81.111.29.191,52.2242,0.1315,Virgin Media,3.7,0,0,0,0,GB,2020-11-25T10:30:04.808780Z
54.240.197.230,53.3331,-6.2489,Amazon Office,3.7,0,0,0,0,IE,2020-11-25T11:30:05.135868Z
54.240.197.230,53.3331,-6.2489,Amazon Office,3.7,0,0,0,0,IE,2020-11-25T12:30:04.921144Z
54.240.197.238,53.3331,-6.2489,Amazon Office,3.7,0,0,0,0,IE,2020-11-25T13:30:05.201024Z
54.240.197.238,53.3331,-6.2489,Amazon Office,3.7,0,0,0,0,IE,2020-11-25T14:30:03.303208Z
54.240.197.230,53.3331,-6.2489,Amazon Office,3.7,0,0,0,0,IE,2020-11-25T15:30:05.837477Z
81.111.29.191,52.2242,0.1315,Virgin Media,3.7,0,0,0,0,GB,2020-11-25T16:30:04.467370Z
81.111.29.191,52.2242,0.1315,Virgin Media,3.7,0,0,0,0,GB,2020-11-25T17:34:11.152961Z
81.111.29.191,52.2242,0.1315,Virgin Media,3.7,0,0,0,0,GB,2020-11-25T19:30:05.880258Z
81.111.29.191,52.2242,0.1315,Virgin Media,3.7,0,0,0,0,GB,2020-11-25T20:30:05.048687Z
81.111.29.191,52.2242,0.1315,Virgin Media,3.7,0,0,0,0,GB,2020-11-25T21:30:05.841246Z
81.111.29.191,52.2242,0.1315,Virgin Media,3.7,0,0,0,0,GB,2020-11-25T22:30:06.317641Z
81.111.29.191,52.2242,0.1315,Virgin Media,3.7,0,0,0,0,GB,2020-11-25T23:30:04.221086Z
81.111.29.191,52.2242,0.1315,Virgin Media,3.7,0,0,0,0,GB,2020-11-26T10:30:05.388093Z
54.240.197.225,53.3331,-6.2489,Amazon Office,3.7,0,0,0,0,IE,2020-11-26T11:30:06.649360Z
54.240.197.233,53.3331,-6.2489,Amazon Office,3.7,0,0,0,0,IE,2020-11-26T13:30:04.676755Z
54.240.197.225,53.3331,-6.2489,Amazon Office,3.7,0,0,0,0,IE,2020-11-26T14:30:04.691481Z
54.240.197.225,53.3331,-6.2489,Amazon Office,3.7,0,0,0,0,IE,2020-11-26T15:30:04.411810Z
54.240.197.233,53.3331,-6.2489,Amazon Office,3.7,0,0,0,0,IE,2020-11-26T16:30:04.681839Z
81.111.29.191,52.2242,0.1315,Virgin Media,3.7,0,0,0,0,GB,2020-11-26T17:30:04.489617Z
81.111.29.191,52.2242,0.1315,Virgin Media,3.7,0,0,0,0,GB,2020-11-26T18:30:07.292721Z
81.111.29.191,52.2242,0.1315,Virgin Media,3.7,0,0,0,0,GB,2020-11-26T19:30:05.649383Z
81.111.29.191,52.2242,0.1315,Virgin Media,3.7,0,0,0,0,GB,2020-11-26T20:30:04.811418Z
81.111.29.191,52.2242,0.1315,Virgin Media,3.7,0,0,0,0,GB,2020-11-26T21:30:03.791787Z
81.111.29.191,52.2242,0.1315,Virgin Media,3.7,0,0,0,0,GB,2020-11-26T22:30:07.524896Z
81.111.29.191,52.2242,0.1315,Virgin Media,3.7,0,0,0,0,GB,2020-11-26T23:30:06.607443Z
81.111.29.191,52.2242,0.1315,Virgin Media,3.7,0,0,0,0,GB,2020-11-27T09:30:05.012700Z
81.111.29.191,52.2242,0.1315,Virgin Media,3.7,0,0,0,0,GB,2020-11-27T10:30:04.492735Z
81.111.29.191,52.2242,0.1315,Virgin Media,3.7,0,0,0,0,GB,2020-11-27T11:30:04.068444Z
81.111.29.191,52.2242,0.1315,Virgin Media,3.7,0,0,0,0,GB,2020-11-27T12:30:06.266375Z
81.111.29.191,52.2242,0.1315,Virgin Media,3.7,0,0,0,0,GB,2020-11-27T13:30:07.160044Z
81.111.29.191,52.2242,0.1315,Virgin Media,3.7,0,0,0,0,GB,2020-11-27T14:30:04.128426Z
54.240.197.225,53.3331,-6.2489,Amazon Office,3.7,0,0,0,0,IE,2020-11-27T15:30:03.995708Z
54.240.197.233,53.3331,-6.2489,Amazon Office,3.7,0,0,0,0,IE,2020-11-27T16:30:04.375008Z
81.111.29.191,52.2242,0.1315,Virgin Media,3.7,0,0,0,0,GB,2020-11-27T17:30:06.572184Z
81.111.29.191,52.2242,0.1315,Virgin Media,3.7,0,0,0,0,GB,2020-11-27T18:30:05.730721Z
81.111.29.191,52.2242,0.1315,Virgin Media,3.7,0,0,0,0,GB,2020-11-27T19:30:05.263630Z
81.111.29.191,52.2242,0.1315,Virgin Media,3.7,0,0,0,0,GB,2020-11-27T20:30:05.525991Z
81.111.29.191,52.2242,0.1315,Virgin Media,3.7,0,0,0,0,GB,2020-11-27T21:30:05.098329Z
81.111.29.191,52.2242,0.1315,Virgin Media,3.7,0,0,0,0,GB,2020-11-27T22:30:04.925306Z
81.111.29.191,52.2242,0.1315,Virgin Media,3.7,0,0,0,0,GB,2020-11-29T10:30:05.423063Z
81.111.29.191,52.2242,0.1315,Virgin Media,3.7,0,0,0,0,GB,2020-11-29T11:30:07.066818Z
81.111.29.191,52.2242,0.1315,Virgin Media,3.7,0,0,0,0,GB,2020-11-29T12:30:03.886654Z
81.111.29.191,52.2242,0.1315,Virgin Media,3.7,0,0,0,0,GB,2020-11-29T13:30:03.946071Z
81.111.29.191,52.2242,0.1315,Virgin Media,3.7,0,0,0,0,GB,2020-11-29T14:30:05.536023Z
81.111.29.191,52.2242,0.1315,Virgin Media,3.7,0,0,0,0,GB,2020-11-29T15:30:05.442965Z
81.111.29.191,52.2242,0.1315,Virgin Media,3.7,0,0,0,0,GB,2020-11-29T16:30:06.012578Z
81.111.29.191,52.2242,0.1315,Virgin Media,3.7,0,0,0,0,GB,2020-11-29T17:30:05.655430Z
81.111.29.191,52.2242,0.1315,Virgin Media,3.7,0,0,0,0,GB,2020-11-29T18:30:05.471836Z
81.111.29.191,52.2242,0.1315,Virgin Media,3.7,0,0,0,0,GB,2020-11-29T20:30:05.496922Z
81.111.29.191,52.2242,0.1315,Virgin Media,3.7,0,0,0,0,GB,2020-11-29T21:30:05.556598Z
81.111.29.191,52.2242,0.1315,Virgin Media,3.7,0,0,0,0,GB,2020-11-29T22:30:05.591856Z
81.111.29.191,52.2242,0.1315,Virgin Media,3.7,0,0,0,0,GB,2020-11-29T23:30:03.685798Z
81.111.29.191,52.2242,0.1315,Virgin Media,3.7,0,0,0,0,GB,2020-11-30T00:30:05.033216Z
81.111.29.191,52.2242,0.1315,Virgin Media,3.7,0,0,0,0,GB,2020-11-30T01:30:03.698482Z
81.111.29.191,52.2242,0.1315,Virgin Media,3.7,0,0,0,0,GB,2020-11-30T02:30:03.976992Z
81.111.29.191,52.2242,0.1315,Virgin Media,3.7,0,0,0,0,GB,2020-11-30T03:30:04.124301Z
81.111.29.191,52.2242,0.1315,Virgin Media,3.7,0,0,0,0,GB,2020-11-30T04:30:04.455127Z
81.111.29.191,52.2242,0.1315,Virgin Media,3.7,0,0,0,0,GB,2020-11-30T05:30:03.940265Z
81.111.29.191,52.2242,0.1315,Virgin Media,3.7,0,0,0,0,GB,2020-11-30T06:30:04.735418Z
81.111.29.191,52.2242,0.1315,Virgin Media,3.7,0,0,0,0,GB,2020-11-30T07:30:04.362989Z
81.111.29.191,52.2242,0.1315,Virgin Media,3.7,0,0,0,0,GB,2020-11-30T08:30:04.517597Z
81.111.29.191,52.2242,0.1315,Virgin Media,3.7,0,0,0,0,GB,2020-11-30T09:30:06.228587Z
81.111.29.191,52.2242,0.1315,Virgin Media,3.7,0,0,0,0,GB,2020-11-30T10:30:06.413945Z
81.111.29.191,52.2242,0.1315,Virgin Media,3.7,0,0,0,0,GB,2020-11-30T11:30:07.212762Z
81.111.29.191,52.2242,0.1315,Virgin Media,3.7,0,0,0,0,GB,2020-11-30T13:30:08.883219Z
81.111.29.191,52.2242,0.1315,Virgin Media,3.7,0,0,0,0,GB,2020-11-30T14:30:05.894892Z
81.111.29.191,52.2242,0.1315,Virgin Media,3.7,0,0,0,0,GB,2020-11-30T15:30:05.896817Z
81.111.29.191,52.2242,0.1315,Virgin Media,3.7,0,0,0,0,GB,2020-11-30T16:30:04.329978Z
81.111.29.191,52.2242,0.1315,Virgin Media,3.7,0,0,0,0,GB,2020-11-30T17:30:05.228390Z
54.240.197.239,53.3331,-6.2489,Amazon Office,3.7,0,0,0,0,IE,2020-11-30T19:30:06.894469Z
81.111.29.191,52.2242,0.1315,Virgin Media,3.7,0,0,0,0,GB,2020-11-30T20:30:11.223568Z
81.111.29.191,52.2242,0.1315,Virgin Media,3.7,0,0,0,0,GB,2020-11-30T21:30:06.199934Z
81.111.29.191,52.2242,0.1315,Virgin Media,3.7,0,0,0,0,GB,2020-11-30T22:30:05.455226Z
81.111.29.191,52.2242,0.1315,Virgin Media,3.7,0,0,0,0,GB,2020-11-30T23:30:04.686704Z
81.111.29.191,52.2242,0.1315,Virgin Media,3.7,0,0,0,0,GB,2020-12-01T10:30:04.426471Z
81.111.29.191,52.2242,0.1315,Virgin Media,3.7,0,0,0,0,GB,2020-12-01T11:30:04.421212Z
81.111.29.191,52.2242,0.1315,Virgin Media,3.7,0,0,0,0,GB,2020-12-01T13:30:05.457834Z
81.111.29.191,52.2242,0.1315,Virgin Media,3.7,0,0,0,0,GB,2020-12-01T14:30:04.449887Z
81.111.29.191,52.2242,0.1315,Virgin Media,3.7,0,0,0,0,GB,2020-12-01T15:30:07.281849Z
81.111.29.191,52.2242,0.1315,Virgin Media,3.7,0,0,0,0,GB,2020-12-01T16:30:05.948634Z
81.111.29.191,52.2242,0.1315,Virgin Media,3.7,0,0,0,0,GB,2020-12-01T17:30:06.513900Z
81.111.29.191,52.2242,0.1315,Virgin Media,3.7,0,0,0,0,GB,2020-12-01T19:30:05.809644Z
81.111.29.191,52.2242,0.1315,Virgin Media,3.7,0,0,0,0,GB,2020-12-01T20:30:05.428625Z
81.111.29.191,52.2242,0.1315,Virgin Media,3.7,0,0,0,0,GB,2020-12-01T21:30:04.013670Z
81.111.29.191,52.2242,0.1315,Virgin Media,3.7,0,0,0,0,GB,2020-12-01T22:30:04.470797Z
81.111.29.191,52.2242,0.1315,Virgin Media,3.7,0,0,0,0,GB,2020-12-01T23:30:04.568356Z
81.111.29.191,52.2242,0.1315,Virgin Media,3.7,0,0,0,0,GB,2020-12-02T00:30:04.913713Z
81.111.29.191,52.2242,0.1315,Virgin Media,3.7,0,0,0,0,GB,2020-12-02T01:30:04.774775Z
81.111.29.191,52.2242,0.1315,Virgin Media,3.7,0,0,0,0,GB,2020-12-02T02:30:04.417407Z
81.111.29.191,52.2242,0.1315,Virgin Media,3.7,0,0,0,0,GB,2020-12-02T03:30:04.849173Z
81.111.29.191,52.2242,0.1315,Virgin Media,3.7,0,0,0,0,GB,2020-12-02T04:30:04.186748Z
81.111.29.191,52.2242,0.1315,Virgin Media,3.7,0,0,0,0,GB,2020-12-02T05:30:04.597831Z
81.111.29.191,52.2242,0.1315,Virgin Media,3.7,0,0,0,0,GB,2020-12-02T06:30:03.671779Z
81.111.29.191,52.2242,0.1315,Virgin Media,3.7,0,0,0,0,GB,2020-12-02T07:30:04.854495Z
81.111.29.191,52.2242,0.1315,Virgin Media,3.7,0,0,0,0,GB,2020-12-02T08:30:04.240295Z
81.111.29.191,52.2242,0.1315,Virgin Media,3.7,0,0,0,0,GB,2020-12-02T09:30:04.472151Z
81.111.29.191,52.2242,0.1315,Virgin Media,3.7,0,0,0,0,GB,2020-12-02T10:30:05.295409Z
81.111.29.191,52.2242,0.1315,Virgin Media,3.7,0,0,0,0,GB,2020-12-02T11:30:04.302724Z
81.111.29.191,52.2242,0.1315,Virgin Media,3.7,0,0,0,0,GB,2020-12-02T12:30:05.574381Z
81.111.29.191,52.2242,0.1315,Virgin Media,3.7,0,0,0,0,GB,2020-12-02T13:30:03.919026Z
81.111.29.191,52.2242,0.1315,Virgin Media,3.7,0,0,0,0,GB,2020-12-02T14:30:04.213493Z
81.111.29.191,52.2242,0.1315,Virgin Media,3.7,0,0,0,0,GB,2020-12-02T15:30:05.530700Z
81.111.29.191,52.2242,0.1315,Virgin Media,3.7,0,0,0,0,GB,2020-12-02T16:30:04.816971Z
81.111.29.191,52.2242,0.1315,Virgin Media,3.7,0,0,0,0,GB,2020-12-02T17:30:07.079660Z
81.111.29.191,52.2242,0.1315,Virgin Media,3.7,0,0,0,0,GB,2020-12-02T19:30:05.268188Z
81.111.29.191,52.2242,0.1315,Virgin Media,3.7,0,0,0,0,GB,2020-12-02T20:30:04.920023Z
81.111.29.191,52.2242,0.1315,Virgin Media,3.7,0,0,0,0,GB,2020-12-02T21:30:03.761195Z
81.111.29.191,52.2242,0.1315,Virgin Media,3.7,0,0,0,0,GB,2020-12-02T22:30:03.738300Z
81.111.29.191,52.2242,0.1315,Virgin Media,3.7,0,0,0,0,GB,2020-12-02T23:30:03.988763Z
81.111.29.191,52.2242,0.1315,Virgin Media,3.7,0,0,0,0,GB,2020-12-03T09:30:06.090967Z
81.111.29.191,52.2242,0.1315,Virgin Media,3.7,0,0,0,0,GB,2020-12-03T10:30:05.831801Z
81.111.29.191,52.2242,0.1315,Virgin Media,3.7,0,0,0,0,GB,2020-12-03T11:30:04.541918Z
81.111.29.191,52.2242,0.1315,Virgin Media,3.7,0,0,0,0,GB,2020-12-03T13:30:06.575381Z
81.111.29.191,52.2242,0.1315,Virgin Media,3.7,0,0,0,0,GB,2020-12-03T14:30:06.148959Z
81.111.29.191,52.2242,0.1315,Virgin Media,3.7,0,0,0,0,GB,2020-12-03T15:30:05.632727Z
81.111.29.191,52.2242,0.1315,Virgin Media,3.7,0,0,0,0,GB,2020-12-03T16:30:06.388829Z
81.111.29.191,52.2242,0.1315,Virgin Media,3.7,0,0,0,0,GB,2020-12-03T17:30:06.159042Z
81.111.29.191,52.2242,0.1315,Virgin Media,3.7,0,0,0,0,GB,2020-12-03T20:30:07.649279Z
81.111.29.191,52.2242,0.1315,Virgin Media,3.7,0,0,0,0,GB,2020-12-03T21:30:05.311131Z
81.111.29.191,52.2242,0.1315,Virgin Media,3.7,0,0,0,0,GB,2020-12-03T22:30:06.703642Z
81.111.29.191,52.2242,0.1315,Virgin Media,3.7,0,0,0,0,GB,2020-12-03T23:30:04.899786Z
81.111.29.191,52.2242,0.1315,Virgin Media,3.7,0,0,0,0,GB,2020-12-04T00:30:04.920058Z
81.111.29.191,52.2242,0.1315,Virgin Media,3.7,0,0,0,0,GB,2020-12-04T01:30:04.871873Z
81.111.29.191,52.2242,0.1315,Virgin Media,3.7,0,0,0,0,GB,2020-12-04T02:30:04.039561Z
81.111.29.191,52.2242,0.1315,Virgin Media,3.7,0,0,0,0,GB,2020-12-04T03:30:04.887695Z
81.111.29.191,52.2242,0.1315,Virgin Media,3.7,0,0,0,0,GB,2020-12-04T04:30:04.585603Z
81.111.29.191,52.2242,0.1315,Virgin Media,3.7,0,0,0,0,GB,2020-12-04T05:30:03.923984Z
81.111.29.191,52.2242,0.1315,Virgin Media,3.7,0,0,0,0,GB,2020-12-04T06:30:04.490746Z
81.111.29.191,52.2242,0.1315,Virgin Media,3.7,0,0,0,0,GB,2020-12-04T07:30:04.992947Z
81.111.29.191,52.2242,0.1315,Virgin Media,3.7,0,0,0,0,GB,2020-12-04T13:30:05.142828Z
81.111.29.191,52.2242,0.1315,Virgin Media,3.7,0,0,0,0,GB,2020-12-04T14:30:07.886437Z
81.111.29.191,52.2242,0.1315,Virgin Media,3.7,0,0,0,0,GB,2020-12-04T15:30:04.610654Z
81.111.29.191,52.2242,0.1315,Virgin Media,3.7,0,0,0,0,GB,2020-12-04T16:30:05.187330Z
81.111.29.191,52.2242,0.1315,Virgin Media,3.7,0,0,0,0,GB,2020-12-04T17:30:04.940162Z
81.111.29.191,52.2242,0.1315,Virgin Media,3.7,0,0,0,0,GB,2020-12-04T18:30:04.143104Z
81.111.29.191,52.2242,0.1315,Virgin Media,3.7,0,0,0,0,GB,2020-12-04T19:30:04.995780Z
81.111.29.191,52.2242,0.1315,Virgin Media,3.7,0,0,0,0,GB,2020-12-04T20:30:04.845521Z
81.111.29.191,52.2242,0.1315,Virgin Media,3.7,0,0,0,0,GB,2020-12-04T21:30:04.766922Z
81.111.29.191,52.2242,0.1315,Virgin Media,3.7,0,0,0,0,GB,2020-12-04T22:30:04.348164Z
81.111.29.191,52.2242,0.1315,Virgin Media,3.7,0,0,0,0,GB,2020-12-04T23:30:04.111484Z
81.111.29.191,52.2242,0.1315,Virgin Media,3.7,0,0,0,0,GB,2020-12-05T00:30:04.326057Z
81.111.29.191,52.2242,0.1315,Virgin Media,3.7,0,0,0,0,GB,2020-12-05T01:30:04.570201Z
81.111.29.191,52.2242,0.1315,Virgin Media,3.7,0,0,0,0,GB,2020-12-05T02:30:03.609055Z
81.111.29.191,52.2242,0.1315,Virgin Media,3.7,0,0,0,0,GB,2020-12-05T03:30:04.689220Z
81.111.29.191,52.2242,0.1315,Virgin Media,3.7,0,0,0,0,GB,2020-12-05T04:30:05.130663Z
81.111.29.191,52.2242,0.1315,Virgin Media,3.7,0,0,0,0,GB,2020-12-05T05:30:04.696253Z
81.111.29.191,52.2242,0.1315,Virgin Media,3.7,0,0,0,0,GB,2020-12-05T06:30:04.423265Z
81.111.29.191,52.2242,0.1315,Virgin Media,3.7,0,0,0,0,GB,2020-12-05T07:30:04.486657Z
81.111.29.191,52.2242,0.1315,Virgin Media,3.7,0,0,0,0,GB,2020-12-05T08:30:04.573261Z
81.111.29.191,52.2242,0.1315,Virgin Media,3.7,0,0,0,0,GB,2020-12-05T10:30:04.450184Z
81.111.29.191,52.2242,0.1315,Virgin Media,3.7,0,0,0,0,GB,2020-12-05T11:30:04.596455Z
81.111.29.191,52.2242,0.1315,Virgin Media,3.7,0,0,0,0,GB,2020-12-05T12:30:04.828486Z
81.111.29.191,52.2242,0.1315,Virgin Media,3.7,0,0,0,0,GB,2020-12-05T13:30:04.022715Z
81.111.29.191,52.2242,0.1315,Virgin Media,3.7,0,0,0,0,GB,2020-12-05T14:30:04.471665Z
81.111.29.191,52.2242,0.1315,Virgin Media,3.7,0,0,0,0,GB,2020-12-05T15:30:06.281949Z
81.111.29.191,52.2242,0.1315,Virgin Media,3.7,0,0,0,0,GB,2020-12-05T16:30:04.515436Z
81.111.29.191,52.2242,0.1315,Virgin Media,3.7,0,0,0,0,GB,2020-12-05T17:30:04.163890Z
81.111.29.191,52.2242,0.1315,Virgin Media,3.7,0,0,0,0,GB,2020-12-05T20:30:04.705587Z
81.111.29.191,52.2242,0.1315,Virgin Media,3.7,0,0,0,0,GB,2020-12-05T21:30:04.764992Z
81.111.29.191,52.2242,0.1315,Virgin Media,3.7,0,0,0,0,GB,2020-12-05T22:30:04.557705Z
81.111.29.191,52.2242,0.1315,Virgin Media,3.7,0,0,0,0,GB,2020-12-05T23:30:04.725155Z
81.111.29.191,52.2242,0.1315,Virgin Media,3.7,0,0,0,0,GB,2020-12-06T00:30:05.959576Z
81.111.29.191,52.2242,0.1315,Virgin Media,3.7,0,0,0,0,GB,2020-12-06T01:30:04.987164Z
81.111.29.191,52.2242,0.1315,Virgin Media,3.7,0,0,0,0,GB,2020-12-06T02:30:04.718607Z
81.111.29.191,52.2242,0.1315,Virgin Media,3.7,0,0,0,0,GB,2020-12-06T03:30:05.265239Z
81.111.29.191,52.2242,0.1315,Virgin Media,3.7,0,0,0,0,GB,2020-12-06T04:30:05.583349Z
81.111.29.191,52.2242,0.1315,Virgin Media,3.7,0,0,0,0,GB,2020-12-06T05:30:05.002924Z
81.111.29.191,52.2242,0.1315,Virgin Media,3.7,0,0,0,0,GB,2020-12-06T06:30:04.717484Z
81.111.29.191,52.2242,0.1315,Virgin Media,3.7,0,0,0,0,GB,2020-12-06T07:30:05.076405Z
81.111.29.191,52.2242,0.1315,Virgin Media,3.7,0,0,0,0,GB,2020-12-06T08:30:04.196012Z
81.111.29.191,52.2242,0.1315,Virgin Media,3.7,0,0,0,0,GB,2020-12-06T09:30:05.445839Z
81.111.29.191,52.2242,0.1315,Virgin Media,3.7,0,0,0,0,GB,2020-12-06T10:30:05.319773Z
81.111.29.191,52.2242,0.1315,Virgin Media,3.7,0,0,0,0,GB,2020-12-06T11:30:04.324746Z
81.111.29.191,52.2242,0.1315,Virgin Media,3.7,0,0,0,0,GB,2020-12-06T13:30:05.482087Z
81.111.29.191,52.2242,0.1315,Virgin Media,3.7,0,0,0,0,GB,2020-12-06T16:30:11.528173Z
81.111.29.191,52.2242,0.1315,Virgin Media,3.7,0,0,0,0,GB,2020-12-07T09:30:04.370396Z
81.111.29.191,52.2242,0.1315,Virgin Media,3.7,0,0,0,0,GB,2020-12-07T10:30:06.716126Z
81.111.29.191,52.2242,0.1315,Virgin Media,3.7,0,0,0,0,GB,2020-12-07T11:30:04.711797Z
81.111.29.191,52.2242,0.1315,Virgin Media,3.7,0,0,0,0,GB,2020-12-07T13:30:05.636683Z
81.111.29.191,52.2242,0.1315,Virgin Media,3.7,0,0,0,0,GB,2020-12-07T14:30:06.797945Z
81.111.29.191,52.2242,0.1315,Virgin Media,3.7,0,0,0,0,GB,2020-12-07T15:30:05.339426Z
81.111.29.191,52.2242,0.1315,Virgin Media,3.7,0,0,0,0,GB,2020-12-07T16:30:05.139150Z
81.111.29.191,52.2242,0.1315,Virgin Media,3.7,0,0,0,0,GB,2020-12-07T17:30:05.200109Z
81.111.29.191,52.2242,0.1315,Virgin Media,3.7,0,0,0,0,GB,2020-12-07T19:30:04.797466Z
81.111.29.191,52.2242,0.1315,Virgin Media,3.7,0,0,0,0,GB,2020-12-07T20:30:03.920373Z
81.111.29.191,52.2242,0.1315,Virgin Media,3.7,0,0,0,0,GB,2020-12-07T21:30:04.887238Z
81.111.29.191,52.2242,0.1315,Virgin Media,3.7,0,0,0,0,GB,2020-12-07T22:30:04.556560Z
81.111.29.191,52.2242,0.1315,Virgin Media,3.7,0,0,0,0,GB,2020-12-07T23:30:04.467182Z
81.111.29.191,52.2242,0.1315,Virgin Media,3.7,0,0,0,0,GB,2020-12-08T00:30:04.006751Z
81.111.29.191,52.2242,0.1315,Virgin Media,3.7,0,0,0,0,GB,2020-12-08T01:30:04.647835Z
81.111.29.191,52.2242,0.1315,Virgin Media,3.7,0,0,0,0,GB,2020-12-08T02:30:04.616801Z
81.111.29.191,52.2242,0.1315,Virgin Media,3.7,0,0,0,0,GB,2020-12-08T03:30:05.119563Z
81.111.29.191,52.2242,0.1315,Virgin Media,3.7,0,0,0,0,GB,2020-12-08T04:30:05.201376Z
81.111.29.191,52.2242,0.1315,Virgin Media,3.7,0,0,0,0,GB,2020-12-08T05:30:04.238583Z
81.111.29.191,52.2242,0.1315,Virgin Media,3.7,0,0,0,0,GB,2020-12-08T10:30:04.913165Z
81.111.29.191,52.2242,0.1315,Virgin Media,3.7,0,0,0,0,GB,2020-12-08T11:30:03.362577Z
81.111.29.191,52.2242,0.1315,Virgin Media,3.7,0,0,0,0,GB,2020-12-08T13:30:04.383167Z
81.111.29.191,52.2242,0.1315,Virgin Media,3.7,0,0,0,0,GB,2020-12-08T14:30:06.076371Z
81.111.29.191,52.2242,0.1315,Virgin Media,3.7,0,0,0,0,GB,2020-12-08T15:30:04.465698Z
81.111.29.191,52.2242,0.1315,Virgin Media,3.7,0,0,0,0,GB,2020-12-08T16:30:05.402837Z
81.111.29.191,52.2242,0.1315,Virgin Media,3.7,0,0,0,0,GB,2020-12-08T17:30:09.023799Z
81.111.29.191,52.2242,0.1315,Virgin Media,3.7,0,0,0,0,GB,2020-12-08T18:30:03.454126Z
81.111.29.191,52.2242,0.1315,Virgin Media,3.7,0,0,0,0,GB,2020-12-08T19:30:04.508511Z
81.111.29.191,52.2242,0.1315,Virgin Media,3.7,0,0,0,0,GB,2020-12-08T20:30:03.867037Z
81.111.29.191,52.2242,0.1315,Virgin Media,3.7,0,0,0,0,GB,2020-12-08T21:30:05.543295Z
81.111.29.191,52.2242,0.1315,Virgin Media,3.7,0,0,0,0,GB,2020-12-08T22:30:04.421991Z
81.111.29.191,52.2242,0.1315,Virgin Media,3.7,0,0,0,0,GB,2020-12-08T23:30:04.737783Z
81.111.29.191,52.2242,0.1315,Virgin Media,3.7,0,0,0,0,GB,2020-12-09T00:30:04.867341Z
81.111.29.191,52.2242,0.1315,Virgin Media,3.7,0,0,0,0,GB,2020-12-09T01:30:05.020545Z
81.111.29.191,52.2242,0.1315,Virgin Media,3.7,0,0,0,0,GB,2020-12-09T02:30:05.450045Z
81.111.29.191,52.2242,0.1315,Virgin Media,3.7,0,0,0,0,GB,2020-12-09T03:30:05.078643Z
81.111.29.191,52.2242,0.1315,Virgin Media,3.7,0,0,0,0,GB,2020-12-09T04:30:04.965548Z
81.111.29.191,52.2242,0.1315,Virgin Media,3.7,0,0,0,0,GB,2020-12-09T05:30:04.517495Z
81.111.29.191,52.2242,0.1315,Virgin Media,3.7,0,0,0,0,GB,2020-12-09T06:30:03.747476Z
81.111.29.191,52.2242,0.1315,Virgin Media,3.7,0,0,0,0,GB,2020-12-09T07:30:04.442889Z
81.111.29.191,52.2242,0.1315,Virgin Media,3.7,0,0,0,0,GB,2020-12-09T13:30:05.196805Z
54.239.6.190,50.1188,8.6843,Amazon.com,3.7,0,0,0,0,DE,2020-12-09T14:30:05.965558Z
54.239.6.188,50.1188,8.6843,Amazon.com,3.7,0,0,0,0,DE,2020-12-09T15:30:06.725944Z
54.239.6.187,50.1188,8.6843,Amazon Office,3.7,0,0,0,0,DE,2020-12-09T16:30:05.614662Z
81.111.29.191,52.2242,0.1315,Virgin Media,3.7,0,0,0,0,GB,2020-12-09T17:30:11.129879Z
81.111.29.191,52.2242,0.1315,Virgin Media,3.7,0,0,0,0,GB,2020-12-09T19:30:05.628403Z
81.111.29.191,52.2242,0.1315,Virgin Media,3.7,0,0,0,0,GB,2020-12-09T20:30:06.142214Z
81.111.29.191,52.2242,0.1315,Virgin Media,3.7,0,0,0,0,GB,2020-12-09T21:30:05.043560Z
81.111.29.191,52.2242,0.1315,Virgin Media,3.7,0,0,0,0,GB,2020-12-09T22:35:00.605712Z
81.111.29.191,52.2242,0.1315,Virgin Media,3.7,0,0,0,0,GB,2020-12-10T10:30:06.071300Z
81.111.29.191,52.2242,0.1315,Virgin Media,3.7,0,0,0,0,GB,2020-12-10T11:30:06.207403Z
81.111.29.191,52.2242,0.1315,Virgin Media,3.7,0,0,0,0,GB,2020-12-10T13:30:06.729619Z
81.111.29.191,52.2242,0.1315,Virgin Media,3.7,0,0,0,0,GB,2020-12-10T14:30:05.813088Z
81.111.29.191,52.2242,0.1315,Virgin Media,3.7,0,0,0,0,GB,2020-12-10T15:30:03.972076Z
81.111.29.191,52.2242,0.1315,Virgin Media,3.7,0,0,0,0,GB,2020-12-10T16:30:04.294842Z
81.111.29.191,52.2242,0.1315,Virgin Media,3.7,0,0,0,0,GB,2020-12-10T17:30:04.055688Z
81.111.29.191,52.2242,0.1315,Virgin Media,3.7,0,0,0,0,GB,2020-12-10T19:30:06.142397Z
81.111.29.191,52.2242,0.1315,Virgin Media,3.7,0,0,0,0,GB,2020-12-10T20:30:06.710909Z
81.111.29.191,52.2242,0.1315,Virgin Media,3.7,0,0,0,0,GB,2020-12-10T21:30:05.283346Z
81.111.29.191,52.2242,0.1315,Virgin Media,3.7,0,0,0,0,GB,2020-12-10T22:30:06.004785Z
81.111.29.191,52.2242,0.1315,Virgin Media,3.7,0,0,0,0,GB,2020-12-10T23:30:04.488072Z
81.111.29.191,52.2242,0.1315,Virgin Media,3.7,0,0,0,0,GB,2020-12-11T10:30:04.160781Z
81.111.29.191,52.2242,0.1315,Virgin Media,3.7,0,0,0,0,GB,2020-12-11T13:30:07.960547Z
81.111.29.191,52.2242,0.1315,Virgin Media,3.7,0,0,0,0,GB,2020-12-11T14:30:04.930245Z
81.111.29.191,52.2242,0.1315,Virgin Media,3.7,0,0,0,0,GB,2020-12-11T15:30:04.522353Z
81.111.29.191,52.2242,0.1315,Virgin Media,3.7,0,0,0,0,GB,2020-12-11T16:30:04.127780Z
81.111.29.191,52.2242,0.1315,Virgin Media,3.7,0,0,0,0,GB,2020-12-11T17:30:04.863796Z
81.111.29.191,52.2242,0.1315,Virgin Media,3.7,0,0,0,0,GB,2020-12-11T20:30:04.901550Z
81.111.29.191,52.2242,0.1315,Virgin Media,3.7,0,0,0,0,GB,2020-12-12T14:30:06.052326Z
81.111.29.191,52.2242,0.1315,Virgin Media,3.7,0,0,0,0,GB,2020-12-12T15:30:08.833225Z
81.111.29.191,52.2242,0.1315,Virgin Media,3.7,0,0,0,0,GB,2020-12-12T16:30:03.688517Z
81.111.29.191,52.2242,0.1315,Virgin Media,3.7,0,0,0,0,GB,2020-12-12T17:30:04.346640Z
81.111.29.191,52.2242,0.1315,Virgin Media,3.7,0,0,0,0,GB,2020-12-13T13:30:04.938825Z
81.111.29.191,52.2242,0.1315,Virgin Media,3.7,0,0,0,0,GB,2020-12-13T14:30:04.761896Z
81.111.29.191,52.2242,0.1315,Virgin Media,3.7,0,0,0,0,GB,2020-12-13T15:30:04.146929Z
81.111.29.191,52.2242,0.1315,Virgin Media,3.7,0,0,0,0,GB,2020-12-13T16:30:05.432620Z
81.111.29.191,52.2242,0.1315,Virgin Media,3.7,0,0,0,0,GB,2020-12-13T17:30:04.128874Z
81.111.29.191,52.2242,0.1315,Virgin Media,3.7,0,0,0,0,GB,2020-12-13T20:30:05.984889Z
81.111.29.191,52.2242,0.1315,Virgin Media,3.7,0,0,0,0,GB,2020-12-13T21:30:08.262819Z
81.111.29.191,52.2242,0.1315,Virgin Media,3.7,0,0,0,0,GB,2020-12-13T22:30:05.690208Z
81.111.29.191,52.2242,0.1315,Virgin Media,3.7,0,0,0,0,GB,2020-12-13T23:30:04.566416Z
81.111.29.191,52.2242,0.1315,Virgin Media,3.7,0,0,0,0,GB,2020-12-14T00:30:04.390627Z
81.111.29.191,52.2242,0.1315,Virgin Media,3.7,0,0,0,0,GB,2020-12-14T01:30:04.677555Z
81.111.29.191,52.2242,0.1315,Virgin Media,3.7,0,0,0,0,GB,2020-12-14T02:30:04.303076Z
81.111.29.191,52.2242,0.1315,Virgin Media,3.7,0,0,0,0,GB,2020-12-14T03:30:04.063690Z
81.111.29.191,52.2242,0.1315,Virgin Media,3.7,0,0,0,0,GB,2020-12-14T04:30:03.987170Z
81.111.29.191,52.2242,0.1315,Virgin Media,3.7,0,0,0,0,GB,2020-12-14T05:30:03.617382Z
81.111.29.191,52.2242,0.1315,Virgin Media,3.7,0,0,0,0,GB,2020-12-14T06:30:03.832914Z
81.111.29.191,52.2242,0.1315,Virgin Media,3.7,0,0,0,0,GB,2020-12-14T07:30:03.794607Z
81.111.29.191,52.2242,0.1315,Virgin Media,3.7,0,0,0,0,GB,2020-12-14T08:30:04.437397Z
81.111.29.191,52.2242,0.1315,Virgin Media,3.7,0,0,0,0,GB,2020-12-14T10:30:04.203499Z
81.111.29.191,52.2242,0.1315,Virgin Media,3.7,0,0,0,0,GB,2020-12-14T11:30:04.838973Z
81.111.29.191,52.2242,0.1315,Virgin Media,3.7,0,0,0,0,GB,2020-12-14T12:32:11.694458Z
81.111.29.191,52.2242,0.1315,Virgin Media,3.7,0,0,0,0,GB,2020-12-14T13:30:03.509246Z
81.111.29.191,52.2242,0.1315,Virgin Media,3.7,0,0,0,0,GB,2020-12-14T14:30:03.889426Z
81.111.29.191,52.2242,0.1315,Virgin Media,3.7,0,0,0,0,GB,2020-12-14T15:30:07.874867Z
81.111.29.191,52.2242,0.1315,Virgin Media,3.7,0,0,0,0,GB,2020-12-14T16:30:06.865464Z
81.111.29.191,52.2242,0.1315,Virgin Media,3.7,0,0,0,0,GB,2020-12-14T17:30:05.931311Z
81.111.29.191,52.2242,0.1315,Virgin Media,3.7,0,0,0,0,GB,2020-12-14T18:30:04.584120Z
81.111.29.191,52.2242,0.1315,Virgin Media,3.7,0,0,0,0,GB,2020-12-14T19:30:04.665677Z
81.111.29.191,52.2242,0.1315,Virgin Media,3.7,0,0,0,0,GB,2020-12-14T20:30:04.367200Z
81.111.29.191,52.2242,0.1315,Virgin Media,3.7,0,0,0,0,GB,2020-12-14T21:30:03.937752Z
81.111.29.191,52.2242,0.1315,Virgin Media,3.7,0,0,0,0,GB,2020-12-14T22:30:03.558736Z
81.111.29.191,52.2242,0.1315,Virgin Media,3.7,0,0,0,0,GB,2020-12-14T23:30:03.907891Z
81.111.29.191,52.2242,0.1315,Virgin Media,3.7,0,0,0,0,GB,2020-12-15T10:30:05.514856Z
81.111.29.191,52.2242,0.1315,Virgin Media,3.7,0,0,0,0,GB,2020-12-15T11:30:04.542312Z
81.111.29.191,52.2242,0.1315,Virgin Media,3.7,0,0,0,0,GB,2020-12-15T13:30:04.369144Z
81.111.29.191,52.2242,0.1315,Virgin Media,3.7,0,0,0,0,GB,2020-12-15T14:30:06.847177Z
81.111.29.191,52.2242,0.1315,Virgin Media,3.7,0,0,0,0,GB,2020-12-15T15:30:08.199661Z
81.111.29.191,52.2242,0.1315,Virgin Media,3.7,0,0,0,0,GB,2020-12-15T16:30:03.969859Z
81.111.29.191,52.2242,0.1315,Virgin Media,3.7,0,0,0,0,GB,2020-12-15T17:30:04.278029Z
81.111.29.191,52.2242,0.1315,Virgin Media,3.7,0,0,0,0,GB,2020-12-15T18:30:03.854406Z
81.111.29.191,52.2242,0.1315,Virgin Media,3.7,0,0,0,0,GB,2020-12-15T19:30:03.977108Z
81.111.29.191,52.2242,0.1315,Virgin Media,3.7,0,0,0,0,GB,2020-12-15T20:30:04.514025Z
81.111.29.191,52.2242,0.1315,Virgin Media,3.7,0,0,0,0,GB,2020-12-15T21:30:06.447222Z
81.111.29.191,52.2242,0.1315,Virgin Media,3.7,0,0,0,0,GB,2020-12-15T22:30:04.352005Z
81.111.29.191,52.2242,0.1315,Virgin Media,3.7,0,0,0,0,GB,2020-12-15T23:30:04.575030Z
81.111.29.191,52.2242,0.1315,Virgin Media,3.7,0,0,0,0,GB,2020-12-16T10:30:03.981060Z
81.111.29.191,52.2242,0.1315,Virgin Media,3.7,0,0,0,0,GB,2020-12-16T11:30:06.396331Z
81.111.29.191,52.2242,0.1315,Virgin Media,3.7,0,0,0,0,GB,2020-12-16T13:30:09.297967Z
81.111.29.191,52.2242,0.1315,Virgin Media,3.7,0,0,0,0,GB,2020-12-16T14:30:03.635425Z
81.111.29.191,52.2242,0.1315,Virgin Media,3.7,0,0,0,0,GB,2020-12-16T15:30:07.781767Z
81.111.29.191,52.2242,0.1315,Virgin Media,3.7,0,0,0,0,GB,2020-12-16T16:30:07.540777Z
81.111.29.191,52.2242,0.1315,Virgin Media,3.7,0,0,0,0,GB,2020-12-16T17:30:03.990027Z
81.111.29.191,52.2242,0.1315,Virgin Media,3.7,0,0,0,0,GB,2020-12-16T18:30:04.779705Z
81.111.29.191,52.2242,0.1315,Virgin Media,3.7,0,0,0,0,GB,2020-12-16T20:30:04.646239Z
81.111.29.191,52.2242,0.1315,Virgin Media,3.7,0,0,0,0,GB,2020-12-16T21:30:03.796623Z
81.111.29.191,52.2242,0.1315,Virgin Media,3.7,0,0,0,0,GB,2020-12-16T22:30:07.880811Z
81.111.29.191,52.2242,0.1315,Virgin Media,3.7,0,0,0,0,GB,2020-12-16T23:30:09.107416Z
81.111.29.191,52.2242,0.1315,Virgin Media,3.7,0,0,0,0,GB,2020-12-17T01:30:07.182323Z
81.111.29.191,52.2242,0.1315,Virgin Media,3.7,0,0,0,0,GB,2020-12-17T02:30:04.015788Z
81.111.29.191,52.2242,0.1315,Virgin Media,3.7,0,0,0,0,GB,2020-12-17T03:30:05.526282Z
81.111.29.191,52.2242,0.1315,Virgin Media,3.7,0,0,0,0,GB,2020-12-17T04:30:04.640722Z
81.111.29.191,52.2242,0.1315,Virgin Media,3.7,0,0,0,0,GB,2020-12-17T05:30:03.759598Z
81.111.29.191,52.2242,0.1315,Virgin Media,3.7,0,0,0,0,GB,2020-12-17T06:30:03.816549Z
81.111.29.191,52.2242,0.1315,Virgin Media,3.7,0,0,0,0,GB,2020-12-17T07:30:04.322417Z
81.111.29.191,52.2242,0.1315,Virgin Media,3.7,0,0,0,0,GB,2020-12-17T08:30:04.715615Z
81.111.29.191,52.2242,0.1315,Virgin Media,3.7,0,0,0,0,GB,2020-12-17T13:30:05.026163Z
81.111.29.191,52.2242,0.1315,Virgin Media,3.7,0,0,0,0,GB,2020-12-17T14:30:04.843399Z
81.111.29.191,52.2242,0.1315,Virgin Media,3.7,0,0,0,0,GB,2020-12-17T15:30:07.509959Z
81.111.29.191,52.2242,0.1315,Virgin Media,3.7,0,0,0,0,GB,2020-12-17T16:30:09.202857Z
81.111.29.191,52.2242,0.1315,Virgin Media,3.7,0,0,0,0,GB,2020-12-17T17:30:05.124087Z
81.111.29.191,52.2242,0.1315,Virgin Media,3.7,0,0,0,0,GB,2020-12-17T19:30:06.130701Z
81.111.29.191,52.2242,0.1315,Virgin Media,3.7,0,0,0,0,GB,2020-12-17T20:30:06.787589Z
81.111.29.191,52.2242,0.1315,Virgin Media,3.7,0,0,0,0,GB,2020-12-17T21:30:09.147281Z
81.111.29.191,52.2242,0.1315,Virgin Media,3.7,0,0,0,0,GB,2020-12-17T22:30:06.683001Z
81.111.29.191,52.2242,0.1315,Virgin Media,3.7,0,0,0,0,GB,2020-12-17T23:30:05.092667Z
81.111.29.191,52.1932,0.1426,Virgin Media,3.7,0,0,0,0,GB,2020-12-18T10:30:04.270437Z
81.111.29.191,52.1932,0.1426,Virgin Media,3.7,0,0,0,0,GB,2020-12-18T11:30:04.134199Z
81.111.29.191,52.1932,0.1426,Virgin Media,3.7,0,0,0,0,GB,2020-12-18T13:30:05.722150Z
81.111.29.191,52.1932,0.1426,Virgin Media,3.7,0,0,0,0,GB,2020-12-18T14:30:04.992148Z
81.111.29.191,52.1932,0.1426,Virgin Media,3.7,0,0,0,0,GB,2020-12-18T15:30:05.852839Z
81.111.29.191,52.1932,0.1426,Virgin Media,3.7,0,0,0,0,GB,2020-12-18T16:30:07.077152Z
81.111.29.191,52.1932,0.1426,Virgin Media,3.7,0,0,0,0,GB,2020-12-18T17:30:09.181276Z
81.111.29.191,52.1932,0.1426,Virgin Media,3.7,0,0,0,0,GB,2020-12-18T18:30:07.132019Z
81.111.29.191,52.1932,0.1426,Virgin Media,3.7,0,0,0,0,GB,2020-12-18T19:30:04.546836Z
81.111.29.191,52.1932,0.1426,Virgin Media,3.7,0,0,0,0,GB,2020-12-18T20:30:03.781931Z
81.111.29.191,52.1932,0.1426,Virgin Media,3.7,0,0,0,0,GB,2020-12-18T21:30:04.460612Z
81.111.29.191,52.1932,0.1426,Virgin Media,3.7,0,0,0,0,GB,2020-12-18T22:30:07.139197Z
81.111.29.191,52.1932,0.1426,Virgin Media,3.7,0,0,0,0,GB,2020-12-18T23:30:03.932990Z
81.111.29.191,52.1932,0.1426,Virgin Media,3.7,0,0,0,0,GB,2020-12-19T00:30:04.183564Z
81.111.29.191,52.1932,0.1426,Virgin Media,3.7,0,0,0,0,GB,2020-12-19T01:30:04.756257Z
81.111.29.191,52.1932,0.1426,Virgin Media,3.7,0,0,0,0,GB,2020-12-19T02:30:05.471519Z
81.111.29.191,52.1932,0.1426,Virgin Media,3.7,0,0,0,0,GB,2020-12-19T03:30:04.618790Z
81.111.29.191,52.1932,0.1426,Virgin Media,3.7,0,0,0,0,GB,2020-12-19T04:30:04.337317Z
81.111.29.191,52.1932,0.1426,Virgin Media,3.7,0,0,0,0,GB,2020-12-19T05:30:05.242950Z
81.111.29.191,52.1932,0.1426,Virgin Media,3.7,0,0,0,0,GB,2020-12-19T06:30:03.893818Z
81.111.29.191,52.1932,0.1426,Virgin Media,3.7,0,0,0,0,GB,2020-12-19T07:30:04.826141Z
81.111.29.191,52.1932,0.1426,Virgin Media,3.7,0,0,0,0,GB,2020-12-19T08:30:04.846000Z
81.111.29.191,52.1932,0.1426,Virgin Media,3.7,0,0,0,0,GB,2020-12-19T09:30:04.543119Z
81.111.29.191,52.1932,0.1426,Virgin Media,3.7,0,0,0,0,GB,2020-12-19T10:30:05.374645Z
81.111.29.191,52.1932,0.1426,Virgin Media,3.7,0,0,0,0,GB,2020-12-19T11:39:01.111548Z
81.111.29.191,52.1932,0.1426,Virgin Media,3.7,0,0,0,0,GB,2020-12-19T15:30:04.400566Z
81.111.29.191,52.1932,0.1426,Virgin Media,3.7,0,0,0,0,GB,2020-12-19T16:30:03.679057Z
81.111.29.191,52.1932,0.1426,Virgin Media,3.7,0,0,0,0,GB,2020-12-19T17:30:05.107749Z
81.111.29.191,52.1932,0.1426,Virgin Media,3.7,0,0,0,0,GB,2020-12-19T18:30:06.331687Z
81.111.29.191,52.1932,0.1426,Virgin Media,3.7,0,0,0,0,GB,2020-12-19T19:30:04.884393Z
81.111.29.191,52.1932,0.1426,Virgin Media,3.7,0,0,0,0,GB,2020-12-19T20:30:04.568029Z
81.111.29.191,52.1932,0.1426,Virgin Media,3.7,0,0,0,0,GB,2020-12-19T21:30:03.758122Z
81.111.29.191,52.1932,0.1426,Virgin Media,3.7,0,0,0,0,GB,2020-12-19T22:30:04.741390Z
81.111.29.191,52.1932,0.1426,Virgin Media,3.7,0,0,0,0,GB,2020-12-19T23:30:08.107871Z
81.111.29.191,52.1932,0.1426,Virgin Media,3.7,0,0,0,0,GB,2020-12-20T00:30:05.114573Z
81.111.29.191,52.1932,0.1426,Virgin Media,3.7,0,0,0,0,GB,2020-12-20T01:30:04.062722Z
81.111.29.191,52.1932,0.1426,Virgin Media,3.7,0,0,0,0,GB,2020-12-20T02:30:04.140026Z
81.111.29.191,52.1932,0.1426,Virgin Media,3.7,0,0,0,0,GB,2020-12-20T03:30:04.742697Z
81.111.29.191,52.1932,0.1426,Virgin Media,3.7,0,0,0,0,GB,2020-12-20T04:30:04.369808Z
81.111.29.191,52.1932,0.1426,Virgin Media,3.7,0,0,0,0,GB,2020-12-20T05:30:04.652720Z
81.111.29.191,52.1932,0.1426,Virgin Media,3.7,0,0,0,0,GB,2020-12-20T06:30:04.281786Z
81.111.29.191,52.1932,0.1426,Virgin Media,3.7,0,0,0,0,GB,2020-12-20T07:30:04.825988Z
81.111.29.191,52.1932,0.1426,Virgin Media,3.7,0,0,0,0,GB,2020-12-20T08:30:04.460711Z
81.111.29.191,52.1932,0.1426,Virgin Media,3.7,0,0,0,0,GB,2020-12-20T09:30:05.157266Z
81.111.29.191,52.1932,0.1426,Virgin Media,3.7,0,0,0,0,GB,2020-12-20T11:30:08.695934Z
81.111.29.191,52.1932,0.1426,Virgin Media,3.7,0,0,0,0,GB,2020-12-20T12:30:04.091585Z
81.111.29.191,52.1932,0.1426,Virgin Media,3.7,0,0,0,0,GB,2020-12-20T16:30:04.826635Z
81.111.29.191,52.1932,0.1426,Virgin Media,3.7,0,0,0,0,GB,2020-12-20T17:30:04.388894Z
81.111.29.191,52.1932,0.1426,Virgin Media,3.7,0,0,0,0,GB,2020-12-20T18:30:10.636608Z
81.111.29.191,52.1932,0.1426,Virgin Media,3.7,0,0,0,0,GB,2020-12-20T19:30:07.987861Z
81.111.29.191,52.1932,0.1426,Virgin Media,3.7,0,0,0,0,GB,2020-12-20T20:30:04.384737Z
54.239.6.188,50.1188,8.6843,Amazon.com,3.7,0,0,0,0,DE,2020-12-21T09:30:05.338893Z
54.239.6.188,50.1188,8.6843,Amazon.com,3.7,0,0,0,0,DE,2020-12-21T10:30:04.766765Z
54.239.6.187,50.1188,8.6843,Amazon Office,3.7,0,0,0,0,DE,2020-12-21T11:30:05.999628Z
54.239.6.187,50.1188,8.6843,Amazon Office,3.7,0,0,0,0,DE,2020-12-21T13:30:04.859020Z
54.239.6.187,50.1188,8.6843,Amazon Office,3.7,0,0,0,0,DE,2020-12-21T14:30:05.233318Z
54.239.6.186,50.1188,8.6843,Amazon Office,3.7,0,0,0,0,DE,2020-12-21T15:30:05.458789Z
54.239.6.185,50.1188,8.6843,Amazon Office,3.7,0,0,0,0,DE,2020-12-21T16:30:05.122713Z
54.239.6.186,50.1188,8.6843,Amazon Office,3.7,0,0,0,0,DE,2020-12-21T20:30:08.203556Z
81.111.29.191,52.1932,0.1426,Virgin Media,3.7,0,0,0,0,GB,2020-12-21T21:30:06.770200Z
81.111.29.191,52.1932,0.1426,Virgin Media,3.7,0,0,0,0,GB,2020-12-21T22:30:04.300760Z
81.111.29.191,52.1932,0.1426,Virgin Media,3.7,0,0,0,0,GB,2020-12-21T23:30:03.805577Z
81.111.29.191,52.1932,0.1426,Virgin Media,3.7,0,0,0,0,GB,2020-12-22T03:34:59.962172Z
81.111.29.191,52.1932,0.1426,Virgin Media,3.7,0,0,0,0,GB,2020-12-22T09:30:04.988825Z
54.239.6.187,50.1188,8.6843,Amazon Office,3.7,0,0,0,0,DE,2020-12-22T10:30:09.512512Z
54.239.6.186,50.1188,8.6843,Amazon Office,3.7,0,0,0,0,DE,2020-12-22T11:30:06.047908Z
54.239.6.187,50.1188,8.6843,Amazon Office,3.7,0,0,0,0,DE,2020-12-22T13:30:06.849090Z
54.239.6.187,50.1188,8.6843,Amazon Office,3.7,0,0,0,0,DE,2020-12-22T14:30:13.552693Z
54.239.6.188,50.1188,8.6843,Amazon.com,3.7,0,0,0,0,DE,2020-12-22T15:30:06.285010Z
54.239.6.185,50.1188,8.6843,Amazon Office,3.7,0,0,0,0,DE,2020-12-22T16:30:05.252363Z
54.239.6.186,50.1188,8.6843,Amazon Office,3.7,0,0,0,0,DE,2020-12-22T17:30:03.832074Z
81.111.29.191,52.1932,0.1426,Virgin Media,3.7,0,0,0,0,GB,2020-12-22T19:30:06.113266Z
81.111.29.191,52.1932,0.1426,Virgin Media,3.7,0,0,0,0,GB,2020-12-22T20:30:03.757257Z
81.111.29.191,52.1932,0.1426,Virgin Media,3.7,0,0,0,0,GB,2020-12-22T22:30:04.200209Z
81.111.29.191,52.1932,0.1426,Virgin Media,3.7,0,0,0,0,GB,2020-12-23T10:30:05.286599Z
81.111.29.191,52.1932,0.1426,Virgin Media,3.7,0,0,0,0,GB,2020-12-23T11:30:05.396703Z
81.111.29.191,52.1932,0.1426,Virgin Media,3.7,0,0,0,0,GB,2020-12-23T19:30:07.813762Z
81.111.29.191,52.1932,0.1426,Virgin Media,3.7,0,0,0,0,GB,2020-12-23T20:30:06.193226Z
81.111.29.191,52.1932,0.1426,Virgin Media,3.7,0,0,0,0,GB,2020-12-23T22:30:08.758699Z
81.111.29.191,52.1932,0.1426,Virgin Media,3.7,0,0,0,0,GB,2020-12-23T23:30:08.203408Z
54.239.6.185,50.1188,8.6843,Amazon Office,3.7,0,0,0,0,DE,2020-12-24T09:30:06.847252Z
54.239.6.186,50.1188,8.6843,Amazon Office,3.7,0,0,0,0,DE,2020-12-24T10:30:04.334863Z
81.111.29.191,52.1932,0.1426,Virgin Media,3.7,0,0,0,0,GB,2020-12-24T13:30:04.196795Z
81.111.29.191,52.1932,0.1426,Virgin Media,3.7,0,0,0,0,GB,2020-12-24T14:30:04.325449Z
81.111.29.191,52.1932,0.1426,Virgin Media,3.7,0,0,0,0,GB,2020-12-24T15:30:04.671571Z
81.111.29.191,52.1932,0.1426,Virgin Media,3.7,0,0,0,0,GB,2020-12-24T16:30:04.206232Z
81.111.29.191,52.1932,0.1426,Virgin Media,3.7,0,0,0,0,GB,2020-12-24T17:30:04.390096Z
81.111.29.191,52.1932,0.1426,Virgin Media,3.7,0,0,0,0,GB,2020-12-25T18:30:05.416082Z
81.111.29.191,52.1932,0.1426,Virgin Media,3.7,0,0,0,0,GB,2020-12-27T15:30:07.788324Z
81.111.29.191,52.1932,0.1426,Virgin Media,3.7,0,0,0,0,GB,2020-12-27T16:38:57.716838Z
81.111.29.191,52.1932,0.1426,Virgin Media,3.7,0,0,0,0,GB,2020-12-27T17:30:05.020246Z
81.111.29.191,52.1932,0.1426,Virgin Media,3.7,0,0,0,0,GB,2020-12-27T18:30:04.356664Z
81.111.29.191,52.1932,0.1426,Virgin Media,3.7,0,0,0,0,GB,2020-12-27T19:38:56.388374Z
81.111.29.191,52.1932,0.1426,Virgin Media,3.7,0,0,0,0,GB,2020-12-27T20:36:22.928950Z
81.111.29.191,52.1932,0.1426,Virgin Media,3.7,0,0,0,0,GB,2020-12-28T10:30:04.355808Z
81.111.29.191,52.1932,0.1426,Virgin Media,3.7,0,0,0,0,GB,2020-12-28T11:30:06.913408Z
81.111.29.191,52.1932,0.1426,Virgin Media,3.7,0,0,0,0,GB,2020-12-28T13:30:03.839711Z
81.111.29.191,52.1932,0.1426,Virgin Media,3.7,0,0,0,0,GB,2020-12-28T14:30:05.400590Z
81.111.29.191,52.1932,0.1426,Virgin Media,3.7,0,0,0,0,GB,2020-12-28T15:30:04.334444Z
81.111.29.191,52.1932,0.1426,Virgin Media,3.7,0,0,0,0,GB,2020-12-28T16:30:07.042000Z
81.111.29.191,52.1932,0.1426,Virgin Media,3.7,0,0,0,0,GB,2020-12-28T17:30:04.972890Z
81.111.29.191,52.1932,0.1426,Virgin Media,3.7,0,0,0,0,GB,2020-12-28T19:30:05.099503Z
81.111.29.191,52.1932,0.1426,Virgin Media,3.7,0,0,0,0,GB,2020-12-28T20:30:05.812067Z
81.111.29.191,52.1932,0.1426,Virgin Media,3.7,0,0,0,0,GB,2020-12-28T21:30:07.653900Z
81.111.29.191,52.1932,0.1426,Virgin Media,3.7,0,0,0,0,GB,2020-12-28T22:30:03.646997Z
81.111.29.191,52.1932,0.1426,Virgin Media,3.7,0,0,0,0,GB,2020-12-28T23:30:06.574310Z
54.239.6.187,50.1188,8.6843,Amazon Office,3.7,0,0,0,0,DE,2020-12-29T10:30:05.937854Z
54.239.6.186,50.1188,8.6843,Amazon Office,3.7,0,0,0,0,DE,2020-12-29T11:30:07.139586Z
54.239.6.185,50.1188,8.6843,Amazon Office,3.7,0,0,0,0,DE,2020-12-29T14:30:04.706426Z
54.239.6.187,50.1188,8.6843,Amazon Office,3.7,0,0,0,0,DE,2020-12-29T15:30:05.365232Z
54.239.6.186,50.1188,8.6843,Amazon Office,3.7,0,0,0,0,DE,2020-12-29T16:30:06.866262Z
54.239.6.186,50.1188,8.6843,Amazon Office,3.7,0,0,0,0,DE,2020-12-29T17:30:07.723046Z
54.239.6.185,50.1188,8.6843,Amazon Office,3.7,0,0,0,0,DE,2020-12-29T18:30:04.136565Z
54.239.6.185,50.1188,8.6843,Amazon Office,3.7,0,0,0,0,DE,2020-12-29T20:30:04.651248Z
54.239.6.185,50.1188,8.6843,Amazon Office,3.7,0,0,0,0,DE,2020-12-29T21:30:04.391553Z
54.239.6.185,50.1188,8.6843,Amazon Office,3.7,0,0,0,0,DE,2020-12-29T22:30:06.703511Z
54.239.6.185,50.1188,8.6843,Amazon Office,3.7,0,0,0,0,DE,2020-12-29T23:30:04.527186Z
54.239.6.187,50.1188,8.6843,Amazon Office,3.7,0,0,0,0,DE,2020-12-30T09:30:05.042551Z
54.239.6.186,50.1188,8.6843,Amazon Office,3.7,0,0,0,0,DE,2020-12-30T10:30:06.034055Z
54.239.6.187,50.1188,8.6843,Amazon Office,3.7,0,0,0,0,DE,2020-12-30T11:30:04.196679Z
54.239.6.185,50.1188,8.6843,Amazon Office,3.7,0,0,0,0,DE,2020-12-30T13:30:05.675768Z
54.239.6.185,50.1188,8.6843,Amazon Office,3.7,0,0,0,0,DE,2020-12-30T14:30:04.813368Z
54.239.6.186,50.1188,8.6843,Amazon Office,3.7,0,0,0,0,DE,2020-12-30T15:30:05.995063Z
54.239.6.185,50.1188,8.6843,Amazon Office,3.7,0,0,0,0,DE,2020-12-30T16:30:04.891309Z
54.239.6.185,50.1188,8.6843,Amazon Office,3.7,0,0,0,0,DE,2020-12-30T19:30:11.842742Z
54.239.6.185,50.1188,8.6843,Amazon Office,3.7,0,0,0,0,DE,2020-12-30T20:30:04.205350Z
81.111.29.191,52.1932,0.1426,Virgin Media,3.7,0,0,0,0,GB,2020-12-30T21:30:11.363914Z
81.111.29.191,52.1932,0.1426,Virgin Media,3.7,0,0,0,0,GB,2020-12-30T22:30:05.565064Z
81.111.29.191,52.1932,0.1426,Virgin Media,3.7,0,0,0,0,GB,2020-12-31T10:30:03.918324Z
81.111.29.191,52.1932,0.1426,Virgin Media,3.7,0,0,0,0,GB,2020-12-31T11:30:04.538671Z
81.111.29.191,52.1932,0.1426,Virgin Media,3.7,0,0,0,0,GB,2020-12-31T12:30:03.858582Z
81.111.29.191,52.1932,0.1426,Virgin Media,3.7,0,0,0,0,GB,2021-01-01T13:30:04.020060Z
81.111.29.191,52.1932,0.1426,Virgin Media,3.7,0,0,0,0,GB,2021-01-01T15:30:04.588260Z
81.111.29.191,52.1932,0.1426,Virgin Media,3.7,0,0,0,0,GB,2021-01-01T17:30:03.537816Z
81.111.29.191,52.1932,0.1426,Virgin Media,3.7,0,0,0,0,GB,2021-01-02T14:30:07.525326Z
81.111.29.191,52.1932,0.1426,Virgin Media,3.7,0,0,0,0,GB,2021-01-02T15:30:06.882570Z
81.111.29.191,52.1932,0.1426,Virgin Media,3.7,0,0,0,0,GB,2021-01-02T16:30:03.990462Z
81.111.29.191,52.1932,0.1426,Virgin Media,3.7,0,0,0,0,GB,2021-01-02T17:30:05.349599Z
81.111.29.191,52.1932,0.1426,Virgin Media,3.7,0,0,0,0,GB,2021-01-02T21:30:04.627756Z
81.111.29.191,52.1932,0.1426,Virgin Media,3.7,0,0,0,0,GB,2021-01-02T22:30:04.707559Z
81.111.29.191,52.1932,0.1426,Virgin Media,3.7,0,0,0,0,GB,2021-01-02T23:30:11.187048Z
81.111.29.191,52.1932,0.1426,Virgin Media,3.7,0,0,0,0,GB,2021-01-03T09:38:40.056226Z
81.111.29.191,52.1932,0.1426,Virgin Media,3.7,0,0,0,0,GB,2021-01-03T11:30:05.168905Z
81.111.29.191,52.1932,0.1426,Virgin Media,3.7,0,0,0,0,GB,2021-01-03T14:30:08.505598Z
81.111.29.191,52.1932,0.1426,Virgin Media,3.7,0,0,0,0,GB,2021-01-03T15:30:04.067593Z
81.111.29.191,52.1932,0.1426,Virgin Media,3.7,0,0,0,0,GB,2021-01-03T16:30:03.643790Z
81.111.29.191,52.1932,0.1426,Virgin Media,3.7,0,0,0,0,GB,2021-01-03T17:30:04.235002Z
81.111.29.191,52.1932,0.1426,Virgin Media,3.7,0,0,0,0,GB,2021-01-03T20:30:04.524988Z
81.111.29.191,52.1932,0.1426,Virgin Media,3.7,0,0,0,0,GB,2021-01-03T21:30:04.579481Z
81.111.29.191,52.1932,0.1426,Virgin Media,3.7,0,0,0,0,GB,2021-01-03T22:30:04.190344Z
81.111.29.191,52.1932,0.1426,Virgin Media,3.7,0,0,0,0,GB,2021-01-03T23:30:07.035094Z
54.239.6.188,50.1188,8.6843,Amazon.com,3.7,0,0,0,0,DE,2021-01-04T10:30:06.085630Z
54.239.6.188,50.1188,8.6843,Amazon.com,3.7,0,0,0,0,DE,2021-01-04T11:30:05.284674Z
54.239.6.188,50.1188,8.6843,Amazon.com,3.7,0,0,0,0,DE,2021-01-04T12:30:06.044459Z
54.239.6.185,50.1188,8.6843,Amazon Office,3.7,0,0,0,0,DE,2021-01-04T13:30:04.281723Z
54.239.6.185,50.1188,8.6843,Amazon Office,3.7,0,0,0,0,DE,2021-01-04T14:30:09.732704Z
54.239.6.187,50.1188,8.6843,Amazon Office,3.7,0,0,0,0,DE,2021-01-04T15:30:04.840703Z
54.239.6.185,50.1188,8.6843,Amazon Office,3.7,0,0,0,0,DE,2021-01-04T16:30:04.724817Z
54.239.6.186,50.1188,8.6843,Amazon Office,3.7,0,0,0,0,DE,2021-01-04T17:30:05.080974Z
54.239.6.186,50.1188,8.6843,Amazon Office,3.7,0,0,0,0,DE,2021-01-04T18:30:06.283506Z
81.111.29.191,52.1932,0.1426,Virgin Media,3.7,0,0,0,0,GB,2021-01-05T10:30:03.898721Z
54.239.6.177,50.1188,8.6843,Amazon.com,3.7,0,0,0,0,DE,2021-01-05T11:30:04.951115Z
54.239.6.177,50.1188,8.6843,Amazon.com,3.7,0,0,0,0,DE,2021-01-05T13:30:05.044120Z
54.239.6.177,50.1188,8.6843,Amazon.com,3.7,0,0,0,0,DE,2021-01-05T14:30:04.733480Z
54.239.6.177,50.1188,8.6843,Amazon.com,3.7,0,0,0,0,DE,2021-01-05T15:30:06.729247Z
54.239.6.177,50.1188,8.6843,Amazon.com,3.7,0,0,0,0,DE,2021-01-05T16:30:06.401205Z
54.239.6.177,50.1188,8.6843,Amazon.com,3.7,0,0,0,0,DE,2021-01-05T19:30:07.998709Z
81.111.29.191,52.1932,0.1426,Virgin Media,3.7,0,0,0,0,GB,2021-01-05T20:30:06.244897Z
81.111.29.191,52.1932,0.1426,Virgin Media,3.7,0,0,0,0,GB,2021-01-05T21:30:06.712487Z
81.111.29.191,52.1932,0.1426,Virgin Media,3.7,0,0,0,0,GB,2021-01-05T22:30:05.930566Z
81.111.29.191,52.1932,0.1426,Virgin Media,3.7,0,0,0,0,GB,2021-01-05T23:30:04.030686Z
81.111.29.191,52.1932,0.1426,Virgin Media,3.7,0,0,0,0,GB,2021-01-06T00:30:13.831970Z
81.111.29.191,52.1932,0.1426,Virgin Media,3.7,0,0,0,0,GB,2021-01-06T10:30:04.045457Z
54.239.6.177,50.1188,8.6843,Amazon.com,3.7,0,0,0,0,DE,2021-01-06T11:30:04.972249Z
54.239.6.177,50.1188,8.6843,Amazon.com,3.7,0,0,0,0,DE,2021-01-06T14:30:04.752688Z
54.239.6.177,50.1188,8.6843,Amazon.com,3.7,0,0,0,0,DE,2021-01-06T15:30:08.836290Z
54.239.6.177,50.1188,8.6843,Amazon.com,3.7,0,0,0,0,DE,2021-01-06T16:30:05.430899Z
54.239.6.177,50.1188,8.6843,Amazon.com,3.7,0,0,0,0,DE,2021-01-06T17:30:04.403201Z
54.239.6.177,50.1188,8.6843,Amazon.com,3.7,0,0,0,0,DE,2021-01-06T18:30:05.182565Z
54.240.197.233,53.3331,-6.2489,Amazon Office,3.7,0,0,0,0,IE,2021-01-07T10:30:04.735651Z
54.240.197.233,53.3331,-6.2489,Amazon Office,3.7,0,0,0,0,IE,2021-01-07T11:30:04.274967Z
54.240.197.233,53.3331,-6.2489,Amazon Office,3.7,0,0,0,0,IE,2021-01-07T13:30:04.571722Z
54.240.197.233,53.3331,-6.2489,Amazon Office,3.7,0,0,0,0,IE,2021-01-07T14:30:03.853469Z
54.240.197.233,53.3331,-6.2489,Amazon Office,3.7,0,0,0,0,IE,2021-01-07T15:30:04.861421Z
54.240.197.233,53.3331,-6.2489,Amazon Office,3.7,0,0,0,0,IE,2021-01-07T16:30:06.662553Z
54.240.197.233,53.3331,-6.2489,Amazon Office,3.7,0,0,0,0,IE,2021-01-07T17:30:06.286108Z
54.240.197.233,53.3331,-6.2489,Amazon Office,3.7,0,0,0,0,IE,2021-01-07T20:30:04.718072Z
54.240.197.233,53.3331,-6.2489,Amazon Office,3.7,0,0,0,0,IE,2021-01-07T21:30:13.642003Z
54.240.197.233,53.3331,-6.2489,Amazon Office,3.7,0,0,0,0,IE,2021-01-07T22:30:04.796003Z
54.240.197.233,53.3331,-6.2489,Amazon Office,3.7,0,0,0,0,IE,2021-01-07T23:30:05.050303Z
54.240.197.233,53.3331,-6.2489,Amazon Office,3.7,0,0,0,0,IE,2021-01-08T00:30:04.568900Z
54.240.197.233,53.3331,-6.2489,Amazon Office,3.7,0,0,0,0,IE,2021-01-08T01:30:06.107757Z
54.239.6.188,50.1188,8.6843,Amazon.com,3.7,0,0,0,0,DE,2021-01-08T09:30:08.626080Z
54.239.6.187,50.1188,8.6843,Amazon Office,3.7,0,0,0,0,DE,2021-01-08T10:30:04.511967Z
54.239.6.188,50.1188,8.6843,Amazon.com,3.7,0,0,0,0,DE,2021-01-08T11:30:07.074257Z
54.239.6.187,50.1188,8.6843,Amazon Office,3.7,0,0,0,0,DE,2021-01-08T13:30:05.604751Z
54.239.6.187,50.1188,8.6843,Amazon Office,3.7,0,0,0,0,DE,2021-01-08T14:30:07.067660Z
54.239.6.186,50.1188,8.6843,Amazon Office,3.7,0,0,0,0,DE,2021-01-08T15:30:05.048434Z
54.239.6.187,50.1188,8.6843,Amazon Office,3.7,0,0,0,0,DE,2021-01-08T16:30:06.291269Z
54.239.6.187,50.1188,8.6843,Amazon Office,3.7,0,0,0,0,DE,2021-01-08T17:30:09.877738Z
54.239.6.185,50.1188,8.6843,Amazon Office,3.7,0,0,0,0,DE,2021-01-08T18:30:03.990650Z
81.111.29.191,52.1932,0.1426,Virgin Media,3.7,0,0,0,0,GB,2021-01-08T19:30:05.010980Z
81.111.29.191,52.1932,0.1426,Virgin Media,3.7,0,0,0,0,GB,2021-01-09T11:30:04.847590Z
81.111.29.191,52.1932,0.1426,Virgin Media,3.7,0,0,0,0,GB,2021-01-09T14:30:03.966812Z
81.111.29.191,52.1932,0.1426,Virgin Media,3.7,0,0,0,0,GB,2021-01-09T22:30:10.071212Z
81.111.29.191,52.1932,0.1426,Virgin Media,3.7,0,0,0,0,GB,2021-01-09T23:30:04.819175Z
81.111.29.191,52.1932,0.1426,Virgin Media,3.7,0,0,0,0,GB,2021-01-10T00:30:04.837086Z
81.111.29.191,52.1932,0.1426,Virgin Media,3.7,0,0,0,0,GB,2021-01-10T01:30:03.950766Z
81.111.29.191,52.1932,0.1426,Virgin Media,3.7,0,0,0,0,GB,2021-01-10T02:30:03.614975Z
81.111.29.191,52.1932,0.1426,Virgin Media,3.7,0,0,0,0,GB,2021-01-10T03:30:04.663922Z
81.111.29.191,52.1932,0.1426,Virgin Media,3.7,0,0,0,0,GB,2021-01-10T04:30:04.757695Z
81.111.29.191,52.1932,0.1426,Virgin Media,3.7,0,0,0,0,GB,2021-01-10T05:30:04.193172Z
81.111.29.191,52.1932,0.1426,Virgin Media,3.7,0,0,0,0,GB,2021-01-10T06:30:03.968987Z
81.111.29.191,52.1932,0.1426,Virgin Media,3.7,0,0,0,0,GB,2021-01-10T07:30:03.975388Z
81.111.29.191,52.1932,0.1426,Virgin Media,3.7,0,0,0,0,GB,2021-01-10T08:30:03.924939Z
81.111.29.191,52.1932,0.1426,Virgin Media,3.7,0,0,0,0,GB,2021-01-10T09:30:04.070363Z
81.111.29.191,52.1932,0.1426,Virgin Media,3.7,0,0,0,0,GB,2021-01-10T11:30:04.580697Z
81.111.29.191,52.1932,0.1426,Virgin Media,3.7,0,0,0,0,GB,2021-01-10T12:30:04.377804Z
54.239.6.185,50.1188,8.6843,Amazon Office,3.7,0,0,0,0,DE,2021-01-10T14:30:04.794073Z
81.111.29.191,52.1932,0.1426,Virgin Media,3.7,0,0,0,0,GB,2021-01-10T20:30:04.958862Z
81.111.29.191,52.1932,0.1426,Virgin Media,3.7,0,0,0,0,GB,2021-01-10T21:30:04.059664Z
81.111.29.191,52.1932,0.1426,Virgin Media,3.7,0,0,0,0,GB,2021-01-10T22:30:05.308392Z
81.111.29.191,52.1932,0.1426,Virgin Media,3.7,0,0,0,0,GB,2021-01-10T23:30:06.362237Z
81.111.29.191,52.1932,0.1426,Virgin Media,3.7,0,0,0,0,GB,2021-01-11T09:30:04.045849Z
54.239.6.177,50.1188,8.6843,Amazon.com,3.7,0,0,0,0,DE,2021-01-11T10:30:07.119327Z
54.239.6.177,50.1188,8.6843,Amazon.com,3.7,0,0,0,0,DE,2021-01-11T11:30:04.670571Z
54.239.6.177,50.1188,8.6843,Amazon.com,3.7,0,0,0,0,DE,2021-01-11T13:30:05.930077Z
54.239.6.177,50.1188,8.6843,Amazon.com,3.7,0,0,0,0,DE,2021-01-11T14:30:04.983835Z
54.239.6.177,50.1188,8.6843,Amazon.com,3.7,0,0,0,0,DE,2021-01-11T15:30:04.437708Z
54.239.6.177,50.1188,8.6843,Amazon.com,3.7,0,0,0,0,DE,2021-01-11T16:30:06.146437Z
54.239.6.177,50.1188,8.6843,Amazon.com,3.7,0,0,0,0,DE,2021-01-11T17:30:06.782166Z
54.239.6.185,50.1188,8.6843,Amazon Office,3.7,0,0,0,0,DE,2021-01-12T11:30:08.284676Z
54.239.6.186,50.1188,8.6843,Amazon Office,3.7,0,0,0,0,DE,2021-01-12T13:30:04.566990Z
54.239.6.188,50.1188,8.6843,Amazon.com,3.7,0,0,0,0,DE,2021-01-12T14:30:05.042439Z
54.239.6.188,50.1188,8.6843,Amazon.com,3.7,0,0,0,0,DE,2021-01-12T15:30:04.754075Z
54.239.6.185,50.1188,8.6843,Amazon Office,3.7,0,0,0,0,DE,2021-01-12T16:30:06.426296Z
54.239.6.187,50.1188,8.6843,Amazon Office,3.7,0,0,0,0,DE,2021-01-12T17:30:04.812611Z
54.239.6.186,50.1188,8.6843,Amazon Office,3.7,0,0,0,0,DE,2021-01-12T18:30:05.817467Z
54.239.6.185,50.1188,8.6843,Amazon Office,3.7,0,0,0,0,DE,2021-01-12T20:30:05.439925Z
54.239.6.185,50.1188,8.6843,Amazon Office,3.7,0,0,0,0,DE,2021-01-12T21:30:05.043514Z
54.239.6.185,50.1188,8.6843,Amazon Office,3.7,0,0,0,0,DE,2021-01-12T22:30:06.824607Z
81.111.29.191,52.1932,0.1426,Virgin Media,3.7,0,0,0,0,GB,2021-01-12T23:30:05.433119Z
81.111.29.191,52.1932,0.1426,Virgin Media,3.7,0,0,0,0,GB,2021-01-13T00:30:04.073686Z
81.111.29.191,52.1932,0.1426,Virgin Media,3.7,0,0,0,0,GB,2021-01-13T01:30:03.604188Z
81.111.29.191,52.1932,0.1426,Virgin Media,3.7,0,0,0,0,GB,2021-01-13T02:30:03.700268Z
81.111.29.191,52.1932,0.1426,Virgin Media,3.7,0,0,0,0,GB,2021-01-13T03:30:03.961887Z
81.111.29.191,52.1932,0.1426,Virgin Media,3.7,0,0,0,0,GB,2021-01-13T04:30:05.017868Z
81.111.29.191,52.1932,0.1426,Virgin Media,3.7,0,0,0,0,GB,2021-01-13T05:30:03.619592Z
81.111.29.191,52.1932,0.1426,Virgin Media,3.7,0,0,0,0,GB,2021-01-13T06:30:03.721214Z
81.111.29.191,52.1932,0.1426,Virgin Media,3.7,0,0,0,0,GB,2021-01-13T07:30:04.334451Z
81.111.29.191,52.1932,0.1426,Virgin Media,3.7,0,0,0,0,GB,2021-01-13T08:30:04.394136Z
81.111.29.191,52.1932,0.1426,Virgin Media,3.7,0,0,0,0,GB,2021-01-13T09:30:04.389985Z
81.111.29.191,52.1932,0.1426,Virgin Media,3.7,0,0,0,0,GB,2021-01-13T10:30:06.634276Z
81.111.29.191,52.1932,0.1426,Virgin Media,3.7,0,0,0,0,GB,2021-01-13T11:30:06.242878Z
81.111.29.191,52.1932,0.1426,Virgin Media,3.7,0,0,0,0,GB,2021-01-13T13:30:05.415844Z
54.239.6.187,50.1188,8.6843,Amazon Office,3.7,0,0,0,0,DE,2021-01-13T14:30:07.284397Z
54.239.6.187,50.1188,8.6843,Amazon Office,3.7,0,0,0,0,DE,2021-01-13T15:30:03.858077Z
54.239.6.188,50.1188,8.6843,Amazon.com,3.7,0,0,0,0,DE,2021-01-13T16:30:07.626379Z
54.239.6.187,50.1188,8.6843,Amazon Office,3.7,0,0,0,0,DE,2021-01-13T17:30:08.662671Z
54.239.6.186,50.1188,8.6843,Amazon Office,3.7,0,0,0,0,DE,2021-01-13T18:30:04.865632Z
54.239.6.186,50.1188,8.6843,Amazon Office,3.7,0,0,0,0,DE,2021-01-13T20:30:07.379822Z
54.239.6.186,50.1188,8.6843,Amazon Office,3.7,0,0,0,0,DE,2021-01-13T21:30:05.874546Z
81.111.29.191,52.1932,0.1426,Virgin Media,3.7,0,0,0,0,GB,2021-01-13T22:30:04.394367Z
81.111.29.191,52.1932,0.1426,Virgin Media,3.7,0,0,0,0,GB,2021-01-13T23:30:04.404335Z
81.111.29.191,52.1932,0.1426,Virgin Media,3.7,0,0,0,0,GB,2021-01-14T00:30:04.357032Z
81.111.29.191,52.1932,0.1426,Virgin Media,3.7,0,0,0,0,GB,2021-01-14T01:30:04.206224Z
81.111.29.191,52.1932,0.1426,Virgin Media,3.7,0,0,0,0,GB,2021-01-14T02:30:03.993498Z
81.111.29.191,52.1932,0.1426,Virgin Media,3.7,0,0,0,0,GB,2021-01-14T03:30:04.112913Z
81.111.29.191,52.1932,0.1426,Virgin Media,3.7,0,0,0,0,GB,2021-01-14T04:30:03.739733Z
81.111.29.191,52.1932,0.1426,Virgin Media,3.7,0,0,0,0,GB,2021-01-14T05:30:04.519283Z
81.111.29.191,52.1932,0.1426,Virgin Media,3.7,0,0,0,0,GB,2021-01-14T06:30:04.846183Z
81.111.29.191,52.1932,0.1426,Virgin Media,3.7,0,0,0,0,GB,2021-01-14T07:30:03.884643Z
81.111.29.191,52.1932,0.1426,Virgin Media,3.7,0,0,0,0,GB,2021-01-14T08:30:04.419113Z
81.111.29.191,52.1932,0.1426,Virgin Media,3.7,0,0,0,0,GB,2021-01-14T09:30:07.013638Z
81.111.29.191,52.1932,0.1426,Virgin Media,3.7,0,0,0,0,GB,2021-01-14T10:30:04.619509Z
81.111.29.191,52.1932,0.1426,Virgin Media,3.7,0,0,0,0,GB,2021-01-14T11:30:04.844915Z
54.239.6.187,50.1188,8.6843,Amazon Office,3.7,0,0,0,0,DE,2021-01-14T13:30:06.675071Z
54.239.6.186,50.1188,8.6843,Amazon Office,3.7,0,0,0,0,DE,2021-01-14T14:30:04.767518Z
54.239.6.186,50.1188,8.6843,Amazon Office,3.7,0,0,0,0,DE,2021-01-14T15:30:08.022325Z
54.239.6.188,50.1188,8.6843,Amazon.com,3.7,0,0,0,0,DE,2021-01-14T16:30:06.885547Z
81.111.29.191,52.1932,0.1426,Virgin Media,3.7,0,0,0,0,GB,2021-01-14T17:30:05.858273Z
81.111.29.191,52.1932,0.1426,Virgin Media,3.7,0,0,0,0,GB,2021-01-14T19:30:04.583872Z
81.111.29.191,52.1932,0.1426,Virgin Media,3.7,0,0,0,0,GB,2021-01-14T20:30:05.498915Z
81.111.29.191,52.1932,0.1426,Virgin Media,3.7,0,0,0,0,GB,2021-01-14T21:30:04.063828Z
81.111.29.191,52.1932,0.1426,Virgin Media,3.7,0,0,0,0,GB,2021-01-15T09:30:13.220678Z
54.239.6.185,50.1188,8.6843,Amazon Office,3.7,0,0,0,0,DE,2021-01-15T10:30:06.172349Z
54.239.6.187,50.1188,8.6843,Amazon Office,3.7,0,0,0,0,DE,2021-01-15T11:30:05.702595Z
54.239.6.185,50.1188,8.6843,Amazon Office,3.7,0,0,0,0,DE,2021-01-15T12:30:05.935126Z
54.239.6.188,50.1188,8.6843,Amazon.com,3.7,0,0,0,0,DE,2021-01-15T13:30:04.815812Z
54.239.6.185,50.1188,8.6843,Amazon Office,3.7,0,0,0,0,DE,2021-01-15T14:30:07.312350Z
54.239.6.187,50.1188,8.6843,Amazon Office,3.7,0,0,0,0,DE,2021-01-15T15:30:05.163699Z
54.239.6.187,50.1188,8.6843,Amazon Office,3.7,0,0,0,0,DE,2021-01-15T16:30:08.079543Z
54.239.6.185,50.1188,8.6843,Amazon Office,3.7,0,0,0,0,DE,2021-01-15T17:30:07.316700Z
54.239.6.185,50.1188,8.6843,Amazon Office,3.7,0,0,0,0,DE,2021-01-15T18:30:05.005100Z
81.111.29.191,52.1932,0.1426,Virgin Media,3.7,0,0,0,0,GB,2021-01-15T22:30:04.629842Z
81.111.29.191,52.1932,0.1426,Virgin Media,3.7,0,0,0,0,GB,2021-01-15T23:30:03.909475Z
81.111.29.191,52.1932,0.1426,Virgin Media,3.7,0,0,0,0,GB,2021-01-16T10:30:05.118027Z
81.111.29.191,52.1932,0.1426,Virgin Media,3.7,0,0,0,0,GB,2021-01-16T11:30:05.066068Z
81.111.29.191,52.1932,0.1426,Virgin Media,3.7,0,0,0,0,GB,2021-01-16T12:30:05.608179Z
81.111.29.191,52.1932,0.1426,Virgin Media,3.7,0,0,0,0,GB,2021-01-16T14:30:06.822512Z
81.111.29.191,52.1932,0.1426,Virgin Media,3.7,0,0,0,0,GB,2021-01-16T15:30:05.554505Z
81.111.29.191,52.1932,0.1426,Virgin Media,3.7,0,0,0,0,GB,2021-01-16T16:30:06.599037Z
81.111.29.191,52.1932,0.1426,Virgin Media,3.7,0,0,0,0,GB,2021-01-16T17:30:04.245774Z
81.111.29.191,52.1932,0.1426,Virgin Media,3.7,0,0,0,0,GB,2021-01-16T19:30:07.224474Z
81.111.29.191,52.1932,0.1426,Virgin Media,3.7,0,0,0,0,GB,2021-01-17T11:30:03.948858Z
81.111.29.191,52.1932,0.1426,Virgin Media,3.7,0,0,0,0,GB,2021-01-17T12:30:03.840818Z
81.111.29.191,52.1932,0.1426,Virgin Media,3.7,0,0,0,0,GB,2021-01-17T17:30:06.667352Z
54.239.6.186,50.1188,8.6843,Amazon Office,3.7,0,0,0,0,DE,2021-01-18T10:30:04.991243Z
54.239.6.186,50.1188,8.6843,Amazon Office,3.7,0,0,0,0,DE,2021-01-18T11:30:04.508153Z
54.239.6.187,50.1188,8.6843,Amazon Office,3.7,0,0,0,0,DE,2021-01-18T13:30:14.688780Z
54.239.6.188,50.1188,8.6843,Amazon.com,3.7,0,0,0,0,DE,2021-01-18T14:30:08.696771Z
54.239.6.190,50.1188,8.6843,Amazon.com,3.7,0,0,0,0,DE,2021-01-18T15:30:06.220533Z
54.239.6.188,50.1188,8.6843,Amazon.com,3.7,0,0,0,0,DE,2021-01-18T16:30:06.714919Z
54.239.6.187,50.1188,8.6843,Amazon Office,3.7,0,0,0,0,DE,2021-01-18T17:30:06.263632Z
54.239.6.185,50.1188,8.6843,Amazon Office,3.7,0,0,0,0,DE,2021-01-18T20:30:09.639973Z
54.239.6.185,50.1188,8.6843,Amazon Office,3.7,0,0,0,0,DE,2021-01-18T23:30:06.405566Z
81.111.29.191,52.1932,0.1426,Virgin Media,3.7,0,0,0,0,GB,2021-01-19T10:30:04.387661Z
54.239.6.187,50.1188,8.6843,Amazon Office,3.7,0,0,0,0,DE,2021-01-19T11:30:05.967443Z
54.239.6.185,50.1188,8.6843,Amazon Office,3.7,0,0,0,0,DE,2021-01-19T13:30:14.372906Z
54.239.6.185,50.1188,8.6843,Amazon Office,3.7,0,0,0,0,DE,2021-01-19T14:30:06.983643Z
54.239.6.186,50.1188,8.6843,Amazon Office,3.7,0,0,0,0,DE,2021-01-19T15:30:06.747510Z
54.239.6.188,50.1188,8.6843,Amazon.com,3.7,0,0,0,0,DE,2021-01-19T16:30:08.786687Z
54.239.6.185,50.1188,8.6843,Amazon Office,3.7,0,0,0,0,DE,2021-01-19T17:30:04.263776Z
81.111.29.191,52.1932,0.1426,Virgin Media,3.7,0,0,0,0,GB,2021-01-20T09:30:11.010033Z
54.239.6.188,50.1188,8.6843,Amazon.com,3.7,0,0,0,0,DE,2021-01-20T10:30:05.900890Z
54.239.6.188,50.1188,8.6843,Amazon.com,3.7,0,0,0,0,DE,2021-01-20T11:30:06.691873Z
54.239.6.188,50.1188,8.6843,Amazon.com,3.7,0,0,0,0,DE,2021-01-20T13:30:09.091056Z
54.239.6.188,50.1188,8.6843,Amazon.com,3.7,0,0,0,0,DE,2021-01-20T14:30:06.239001Z
54.239.6.188,50.1188,8.6843,Amazon.com,3.7,0,0,0,0,DE,2021-01-20T15:30:06.511052Z
54.239.6.187,50.1188,8.6843,Amazon Office,3.7,0,0,0,0,DE,2021-01-20T16:30:04.863366Z
54.239.6.186,50.1188,8.6843,Amazon Office,3.7,0,0,0,0,DE,2021-01-20T17:30:06.995330Z
54.239.6.185,50.1188,8.6843,Amazon Office,3.7,0,0,0,0,DE,2021-01-20T18:30:06.744357Z
54.239.6.185,50.1188,8.6843,Amazon Office,3.7,0,0,0,0,DE,2021-01-20T19:30:04.792195Z
54.239.6.186,50.1188,8.6843,Amazon Office,3.7,0,0,0,0,DE,2021-01-20T21:30:05.472807Z
81.111.29.191,52.1932,0.1426,Virgin Media,3.7,0,0,0,0,GB,2021-01-20T23:30:05.644057Z
81.111.29.191,52.1932,0.1426,Virgin Media,3.7,0,0,0,0,GB,2021-01-21T10:30:06.979213Z
81.111.29.191,52.1932,0.1426,Virgin Media,3.7,0,0,0,0,GB,2021-01-21T11:30:04.511018Z
54.239.6.186,50.1188,8.6843,Amazon Office,3.7,0,0,0,0,DE,2021-01-21T13:30:04.897447Z
54.239.6.186,50.1188,8.6843,Amazon Office,3.7,0,0,0,0,DE,2021-01-21T14:30:08.172837Z
54.239.6.188,50.1188,8.6843,Amazon.com,3.7,0,0,0,0,DE,2021-01-21T15:30:07.149426Z
54.239.6.186,50.1188,8.6843,Amazon Office,3.7,0,0,0,0,DE,2021-01-21T16:30:05.003817Z
54.239.6.185,50.1188,8.6843,Amazon Office,3.7,0,0,0,0,DE,2021-01-21T17:30:05.574372Z
54.239.6.186,50.1188,8.6843,Amazon Office,3.7,0,0,0,0,DE,2021-01-21T19:30:04.264089Z
81.111.29.191,52.1932,0.1426,Virgin Media,3.7,0,0,0,0,GB,2021-01-21T20:30:08.454821Z
81.111.29.191,52.1932,0.1426,Virgin Media,3.7,0,0,0,0,GB,2021-01-21T21:30:07.973511Z
81.111.29.191,52.1932,0.1426,Virgin Media,3.7,0,0,0,0,GB,2021-01-21T22:30:04.151091Z
81.111.29.191,52.1932,0.1426,Virgin Media,3.7,0,0,0,0,GB,2021-01-21T23:30:04.293878Z
81.111.29.191,52.1932,0.1426,Virgin Media,3.7,0,0,0,0,GB,2021-01-22T00:30:04.821208Z
81.111.29.191,52.1932,0.1426,Virgin Media,3.7,0,0,0,0,GB,2021-01-22T01:30:04.112117Z
81.111.29.191,52.1932,0.1426,Virgin Media,3.7,0,0,0,0,GB,2021-01-22T02:30:04.425937Z
81.111.29.191,52.1932,0.1426,Virgin Media,3.7,0,0,0,0,GB,2021-01-22T03:30:04.967310Z
81.111.29.191,52.2242,0.1315,Virgin Media,3.7,0,0,0,0,GB,2021-01-22T04:30:04.720218Z
81.111.29.191,52.2242,0.1315,Virgin Media,3.7,0,0,0,0,GB,2021-01-22T05:30:04.228793Z
81.111.29.191,52.2242,0.1315,Virgin Media,3.7,0,0,0,0,GB,2021-01-22T06:30:04.117000Z
81.111.29.191,52.2242,0.1315,Virgin Media,3.7,0,0,0,0,GB,2021-01-22T07:30:04.155636Z
81.111.29.191,52.2242,0.1315,Virgin Media,3.7,0,0,0,0,GB,2021-01-22T08:30:04.481717Z
81.111.29.191,52.2242,0.1315,Virgin Media,3.7,0,0,0,0,GB,2021-01-22T09:30:04.929675Z
54.239.6.188,50.1188,8.6843,Amazon.com,3.7,0,0,0,0,DE,2021-01-22T10:30:04.937814Z
54.239.6.185,50.1188,8.6843,Amazon Office,3.7,0,0,0,0,DE,2021-01-22T11:30:07.214336Z
54.239.6.188,50.1188,8.6843,Amazon.com,3.7,0,0,0,0,DE,2021-01-22T13:30:06.053857Z
54.239.6.188,50.1188,8.6843,Amazon.com,3.7,0,0,0,0,DE,2021-01-22T14:30:04.446540Z
54.239.6.187,50.1188,8.6843,Amazon Office,3.7,0,0,0,0,DE,2021-01-22T15:30:11.816759Z
54.239.6.188,50.1188,8.6843,Amazon.com,3.7,0,0,0,0,DE,2021-01-22T16:30:06.603571Z
54.239.6.185,50.1188,8.6843,Amazon Office,3.7,0,0,0,0,DE,2021-01-22T17:30:04.759453Z
54.239.6.185,50.1188,8.6843,Amazon Office,3.7,0,0,0,0,DE,2021-01-22T19:30:04.729536Z
54.239.6.186,50.1188,8.6843,Amazon Office,3.7,0,0,0,0,DE,2021-01-22T20:30:08.727134Z
54.239.6.186,50.1188,8.6843,Amazon Office,3.7,0,0,0,0,DE,2021-01-22T21:30:08.245703Z
54.239.6.185,50.1188,8.6843,Amazon Office,3.7,0,0,0,0,DE,2021-01-22T22:30:07.941374Z
54.239.6.185,50.1188,8.6843,Amazon Office,3.7,0,0,0,0,DE,2021-01-22T23:30:04.775704Z
81.111.29.191,52.2242,0.1315,Virgin Media,3.7,0,0,0,0,GB,2021-01-23T00:30:04.316625Z
81.111.29.191,52.2242,0.1315,Virgin Media,3.7,0,0,0,0,GB,2021-01-23T01:30:04.233519Z
81.111.29.191,52.2242,0.1315,Virgin Media,3.7,0,0,0,0,GB,2021-01-23T02:30:04.929376Z
81.111.29.191,52.2242,0.1315,Virgin Media,3.7,0,0,0,0,GB,2021-01-23T03:30:05.474718Z
81.111.29.191,52.2242,0.1315,Virgin Media,3.7,0,0,0,0,GB,2021-01-23T04:30:04.244860Z
81.111.29.191,52.2242,0.1315,Virgin Media,3.7,0,0,0,0,GB,2021-01-23T05:30:05.181783Z
81.111.29.191,52.2242,0.1315,Virgin Media,3.7,0,0,0,0,GB,2021-01-23T06:30:04.907984Z
81.111.29.191,52.2242,0.1315,Virgin Media,3.7,0,0,0,0,GB,2021-01-23T07:30:05.648306Z
81.111.29.191,52.2242,0.1315,Virgin Media,3.7,0,0,0,0,GB,2021-01-23T08:30:05.551934Z
81.111.29.191,52.2242,0.1315,Virgin Media,3.7,0,0,0,0,GB,2021-01-23T09:30:04.864748Z
81.111.29.191,52.2242,0.1315,Virgin Media,3.7,0,0,0,0,GB,2021-01-23T10:30:04.406236Z
81.111.29.191,52.2242,0.1315,Virgin Media,3.7,0,0,0,0,GB,2021-01-23T11:30:04.037421Z
81.111.29.191,52.2242,0.1315,Virgin Media,3.7,0,0,0,0,GB,2021-01-23T13:30:05.384511Z
81.111.29.191,52.2242,0.1315,Virgin Media,3.7,0,0,0,0,GB,2021-01-23T14:30:05.293382Z
81.111.29.191,52.2242,0.1315,Virgin Media,3.7,0,0,0,0,GB,2021-01-23T15:30:04.457177Z
81.111.29.191,52.2242,0.1315,Virgin Media,3.7,0,0,0,0,GB,2021-01-23T16:30:07.251386Z
81.111.29.191,52.2242,0.1315,Virgin Media,3.7,0,0,0,0,GB,2021-01-23T17:30:04.277520Z
81.111.29.191,52.2242,0.1315,Virgin Media,3.7,0,0,0,0,GB,2021-01-23T19:30:04.967096Z
81.111.29.191,52.2242,0.1315,Virgin Media,3.7,0,0,0,0,GB,2021-01-23T20:30:04.563792Z
81.111.29.191,52.2242,0.1315,Virgin Media,3.7,0,0,0,0,GB,2021-01-23T21:30:04.416543Z
81.111.29.191,52.2242,0.1315,Virgin Media,3.7,0,0,0,0,GB,2021-01-23T22:30:06.518480Z
81.111.29.191,52.2242,0.1315,Virgin Media,3.7,0,0,0,0,GB,2021-01-23T23:30:05.844996Z
81.111.29.191,52.2242,0.1315,Virgin Media,3.7,0,0,0,0,GB,2021-01-24T00:30:04.839508Z
81.111.29.191,52.2242,0.1315,Virgin Media,3.7,0,0,0,0,GB,2021-01-24T01:30:04.894125Z
81.111.29.191,52.2242,0.1315,Virgin Media,3.7,0,0,0,0,GB,2021-01-24T02:30:04.993636Z
81.111.29.191,52.2242,0.1315,Virgin Media,3.7,0,0,0,0,GB,2021-01-24T03:30:05.483286Z
81.111.29.191,52.2242,0.1315,Virgin Media,3.7,0,0,0,0,GB,2021-01-24T04:30:03.991988Z
81.111.29.191,52.2242,0.1315,Virgin Media,3.7,0,0,0,0,GB,2021-01-24T05:30:04.541623Z
81.111.29.191,52.2242,0.1315,Virgin Media,3.7,0,0,0,0,GB,2021-01-24T06:30:04.415572Z
81.111.29.191,52.2242,0.1315,Virgin Media,3.7,0,0,0,0,GB,2021-01-24T07:30:05.190824Z
81.111.29.191,52.2242,0.1315,Virgin Media,3.7,0,0,0,0,GB,2021-01-24T08:30:04.434357Z
81.111.29.191,52.2242,0.1315,Virgin Media,3.7,0,0,0,0,GB,2021-01-24T09:30:04.188355Z
81.111.29.191,52.2242,0.1315,Virgin Media,3.7,0,0,0,0,GB,2021-01-24T10:30:04.245855Z
81.111.29.191,52.2242,0.1315,Virgin Media,3.7,0,0,0,0,GB,2021-01-24T12:30:04.871545Z
81.111.29.191,52.2242,0.1315,Virgin Media,3.7,0,0,0,0,GB,2021-01-24T13:30:04.040192Z
81.111.29.191,52.2242,0.1315,Virgin Media,3.7,0,0,0,0,GB,2021-01-24T14:30:05.138017Z
81.111.29.191,52.2242,0.1315,Virgin Media,3.7,0,0,0,0,GB,2021-01-24T15:30:04.577349Z
81.111.29.191,52.2242,0.1315,Virgin Media,3.7,0,0,0,0,GB,2021-01-24T16:30:07.651784Z
81.111.29.191,52.2242,0.1315,Virgin Media,3.7,0,0,0,0,GB,2021-01-24T17:30:09.259656Z
81.111.29.191,52.2242,0.1315,Virgin Media,3.7,0,0,0,0,GB,2021-01-24T19:30:05.926680Z
81.111.29.191,52.2242,0.1315,Virgin Media,3.7,0,0,0,0,GB,2021-01-24T20:30:03.840029Z
81.111.29.191,52.2242,0.1315,Virgin Media,3.7,0,0,0,0,GB,2021-01-24T21:30:06.929459Z
81.111.29.191,52.2242,0.1315,Virgin Media,3.7,0,0,0,0,GB,2021-01-24T22:30:04.708554Z
81.111.29.191,52.2242,0.1315,Virgin Media,3.7,0,0,0,0,GB,2021-01-24T23:30:04.557495Z
81.111.29.191,52.2242,0.1315,Virgin Media,3.7,0,0,0,0,GB,2021-01-25T00:30:04.763613Z
81.111.29.191,52.2242,0.1315,Virgin Media,3.7,0,0,0,0,GB,2021-01-25T01:30:06.043386Z
81.111.29.191,52.2242,0.1315,Virgin Media,3.7,0,0,0,0,GB,2021-01-25T02:30:03.915323Z
81.111.29.191,52.2242,0.1315,Virgin Media,3.7,0,0,0,0,GB,2021-01-25T03:30:04.981586Z
81.111.29.191,52.2242,0.1315,Virgin Media,3.7,0,0,0,0,GB,2021-01-25T04:30:03.991935Z
81.111.29.191,52.2242,0.1315,Virgin Media,3.7,0,0,0,0,GB,2021-01-25T05:30:04.779594Z
81.111.29.191,52.2242,0.1315,Virgin Media,3.7,0,0,0,0,GB,2021-01-25T06:30:05.067035Z
81.111.29.191,52.2242,0.1315,Virgin Media,3.7,0,0,0,0,GB,2021-01-25T07:30:04.251818Z
81.111.29.191,52.2242,0.1315,Virgin Media,3.7,0,0,0,0,GB,2021-01-25T08:30:04.269897Z
81.111.29.191,52.2242,0.1315,Virgin Media,3.7,0,0,0,0,GB,2021-01-25T09:30:05.487568Z
54.240.197.239,53.3379,-6.2591,Amazon Office,3.7,0,0,0,0,IE,2021-01-25T10:30:08.173952Z
54.240.197.231,53.3379,-6.2591,Amazon Office,3.7,0,0,0,0,IE,2021-01-25T11:30:07.384453Z
54.240.197.231,53.3379,-6.2591,Amazon Office,3.7,0,0,0,0,IE,2021-01-25T13:30:10.497848Z
54.240.197.231,53.3379,-6.2591,Amazon Office,3.7,0,0,0,0,IE,2021-01-25T14:30:06.158161Z
54.240.197.231,53.3379,-6.2591,Amazon Office,3.7,0,0,0,0,IE,2021-01-25T15:30:07.397404Z
54.240.197.239,53.3379,-6.2591,Amazon Office,3.7,0,0,0,0,IE,2021-01-25T16:30:08.700763Z
54.240.197.231,53.3379,-6.2591,Amazon Office,3.7,0,0,0,0,IE,2021-01-25T17:30:07.529403Z
54.240.197.231,53.3379,-6.2591,Amazon Office,3.7,0,0,0,0,IE,2021-01-25T18:30:05.058227Z
54.240.197.231,53.3379,-6.2591,Amazon Office,3.7,0,0,0,0,IE,2021-01-25T19:30:05.839821Z
54.240.197.231,53.3379,-6.2591,Amazon Office,3.7,0,0,0,0,IE,2021-01-25T20:30:07.424701Z
81.111.29.191,52.2242,0.1315,Virgin Media,3.7,0,0,0,0,GB,2021-01-25T21:30:06.550892Z
81.111.29.191,52.2242,0.1315,Virgin Media,3.7,0,0,0,0,GB,2021-01-25T22:30:04.817398Z
81.111.29.191,52.2242,0.1315,Virgin Media,3.7,0,0,0,0,GB,2021-01-25T23:30:06.465338Z
81.111.29.191,52.2242,0.1315,Virgin Media,3.7,0,0,0,0,GB,2021-01-26T09:30:05.002255Z
81.111.29.191,52.2242,0.1315,Virgin Media,3.7,0,0,0,0,GB,2021-01-26T10:30:04.758299Z
81.111.29.191,52.2242,0.1315,Virgin Media,3.7,0,0,0,0,GB,2021-01-26T11:30:06.024037Z
81.111.29.191,52.2242,0.1315,Virgin Media,3.7,0,0,0,0,GB,2021-01-26T13:30:03.919689Z
81.111.29.191,52.2242,0.1315,Virgin Media,3.7,0,0,0,0,GB,2021-01-26T14:30:04.043461Z
81.111.29.191,52.2242,0.1315,Virgin Media,3.7,0,0,0,0,GB,2021-01-26T15:30:06.511904Z
54.240.197.225,53.3379,-6.2591,Amazon Office,3.7,0,0,0,0,IE,2021-01-26T16:30:07.904212Z
54.240.197.225,53.3379,-6.2591,Amazon Office,3.7,0,0,0,0,IE,2021-01-26T17:30:06.170703Z
54.240.197.233,53.3379,-6.2591,Amazon Office,3.7,0,0,0,0,IE,2021-01-26T18:30:04.837963Z
81.111.29.191,52.2242,0.1315,Virgin Media,3.7,0,0,0,0,GB,2021-01-26T20:30:05.555375Z
81.111.29.191,52.2242,0.1315,Virgin Media,3.7,0,0,0,0,GB,2021-01-26T21:30:05.283678Z
81.111.29.191,52.2242,0.1315,Virgin Media,3.7,0,0,0,0,GB,2021-01-26T23:30:04.530076Z
81.111.29.191,52.2242,0.1315,Virgin Media,3.7,0,0,0,0,GB,2021-01-27T00:30:03.492675Z
81.111.29.191,52.2242,0.1315,Virgin Media,3.7,0,0,0,0,GB,2021-01-27T01:30:05.447749Z
81.111.29.191,52.2242,0.1315,Virgin Media,3.7,0,0,0,0,GB,2021-01-27T02:30:05.099226Z
81.111.29.191,52.2242,0.1315,Virgin Media,3.7,0,0,0,0,GB,2021-01-27T03:30:04.360976Z
81.111.29.191,52.2242,0.1315,Virgin Media,3.7,0,0,0,0,GB,2021-01-27T04:30:04.121649Z
81.111.29.191,52.2242,0.1315,Virgin Media,3.7,0,0,0,0,GB,2021-01-27T05:30:04.780584Z
81.111.29.191,52.2242,0.1315,Virgin Media,3.7,0,0,0,0,GB,2021-01-27T06:30:03.999841Z
81.111.29.191,52.2242,0.1315,Virgin Media,3.7,0,0,0,0,GB,2021-01-27T07:30:05.078747Z
81.111.29.191,52.2242,0.1315,Virgin Media,3.7,0,0,0,0,GB,2021-01-27T08:30:05.235189Z
54.240.197.238,53.3379,-6.2591,Amazon Office,3.7,0,0,0,0,IE,2021-01-27T09:30:05.325315Z
54.240.197.238,53.3379,-6.2591,Amazon Office,3.7,0,0,0,0,IE,2021-01-27T10:30:03.923183Z
54.240.197.238,53.3379,-6.2591,Amazon Office,3.7,0,0,0,0,IE,2021-01-27T11:30:06.249896Z
54.240.197.238,53.3379,-6.2591,Amazon Office,3.7,0,0,0,0,IE,2021-01-27T12:30:05.923483Z
81.111.29.191,52.2242,0.1315,Virgin Media,3.7,0,0,0,0,GB,2021-01-27T14:30:05.044122Z
81.111.29.191,52.2242,0.1315,Virgin Media,3.7,0,0,0,0,GB,2021-01-27T15:30:06.799781Z
81.111.29.191,52.2242,0.1315,Virgin Media,3.7,0,0,0,0,GB,2021-01-27T16:30:06.295737Z
81.111.29.191,52.2242,0.1315,Virgin Media,3.7,0,0,0,0,GB,2021-01-27T17:30:05.122323Z
81.111.29.191,52.2242,0.1315,Virgin Media,3.7,0,0,0,0,GB,2021-01-27T18:30:20.308237Z
81.111.29.191,52.2242,0.1315,Virgin Media,3.7,0,0,0,0,GB,2021-01-27T20:30:05.736983Z
81.111.29.191,52.2242,0.1315,Virgin Media,3.7,0,0,0,0,GB,2021-01-27T21:30:05.123098Z
81.111.29.191,52.2242,0.1315,Virgin Media,3.7,0,0,0,0,GB,2021-01-27T22:30:04.821149Z
81.111.29.191,52.2242,0.1315,Virgin Media,3.7,0,0,0,0,GB,2021-01-27T23:30:05.077329Z
81.111.29.191,52.2242,0.1315,Virgin Media,3.7,0,0,0,0,GB,2021-01-28T00:30:04.948585Z
81.111.29.191,52.2242,0.1315,Virgin Media,3.7,0,0,0,0,GB,2021-01-28T01:30:03.819647Z
81.111.29.191,52.2242,0.1315,Virgin Media,3.7,0,0,0,0,GB,2021-01-28T02:30:05.175691Z
81.111.29.191,52.2242,0.1315,Virgin Media,3.7,0,0,0,0,GB,2021-01-28T03:30:04.129491Z
81.111.29.191,52.2242,0.1315,Virgin Media,3.7,0,0,0,0,GB,2021-01-28T04:30:04.451392Z
81.111.29.191,52.2242,0.1315,Virgin Media,3.7,0,0,0,0,GB,2021-01-28T05:30:04.065891Z
81.111.29.191,52.2242,0.1315,Virgin Media,3.7,0,0,0,0,GB,2021-01-28T06:30:05.134349Z
81.111.29.191,52.2242,0.1315,Virgin Media,3.7,0,0,0,0,GB,2021-01-28T07:30:05.161221Z
81.111.29.191,52.2242,0.1315,Virgin Media,3.7,0,0,0,0,GB,2021-01-28T08:30:05.403495Z
81.111.29.191,52.2242,0.1315,Virgin Media,3.7,0,0,0,0,GB,2021-01-28T09:30:04.653090Z
54.240.197.227,53.3379,-6.2591,Amazon Office,3.7,0,0,0,0,IE,2021-01-28T10:30:06.630060Z
54.240.197.227,53.3379,-6.2591,Amazon Office,3.7,0,0,0,0,IE,2021-01-28T11:30:09.973734Z
54.240.197.235,53.3379,-6.2591,Amazon Office,3.7,0,0,0,0,IE,2021-01-28T13:30:04.910976Z
54.240.197.227,53.3379,-6.2591,Amazon Office,3.7,0,0,0,0,IE,2021-01-28T14:30:06.957280Z
54.240.197.227,53.3379,-6.2591,Amazon Office,3.7,0,0,0,0,IE,2021-01-28T15:30:06.268501Z
54.240.197.235,53.3379,-6.2591,Amazon Office,3.7,0,0,0,0,IE,2021-01-28T16:30:04.540706Z
54.240.197.235,53.3379,-6.2591,Amazon Office,3.7,0,0,0,0,IE,2021-01-28T17:30:04.657178Z
54.240.197.227,53.3379,-6.2591,Amazon Office,3.7,0,0,0,0,IE,2021-01-28T19:30:07.109263Z
54.240.197.227,53.3379,-6.2591,Amazon Office,3.7,0,0,0,0,IE,2021-01-28T20:30:06.275821Z
54.240.197.235,53.3379,-6.2591,Amazon Office,3.7,0,0,0,0,IE,2021-01-28T21:30:04.840226Z
54.240.197.227,53.3379,-6.2591,Amazon Office,3.7,0,0,0,0,IE,2021-01-28T22:30:05.584185Z
54.240.197.235,53.3379,-6.2591,Amazon Office,3.7,0,0,0,0,IE,2021-01-28T23:30:05.371187Z
54.240.197.227,53.3379,-6.2591,Amazon Office,3.7,0,0,0,0,IE,2021-01-29T00:30:05.243905Z
54.240.197.235,53.3379,-6.2591,Amazon Office,3.7,0,0,0,0,IE,2021-01-29T01:30:05.614613Z
54.240.197.235,53.3379,-6.2591,Amazon Office,3.7,0,0,0,0,IE,2021-01-29T02:30:05.893518Z
54.240.197.235,53.3379,-6.2591,Amazon Office,3.7,0,0,0,0,IE,2021-01-29T03:30:05.285389Z
81.111.29.191,52.2242,0.1315,Virgin Media,3.7,0,0,0,0,GB,2021-01-29T04:30:06.399483Z
81.111.29.191,52.2242,0.1315,Virgin Media,3.7,0,0,0,0,GB,2021-01-29T05:30:05.088239Z
81.111.29.191,52.2242,0.1315,Virgin Media,3.7,0,0,0,0,GB,2021-01-29T06:30:05.841683Z
81.111.29.191,52.2242,0.1315,Virgin Media,3.7,0,0,0,0,GB,2021-01-29T07:30:05.470235Z
81.111.29.191,52.2242,0.1315,Virgin Media,3.7,0,0,0,0,GB,2021-01-29T08:30:05.153025Z
54.240.197.233,53.3379,-6.2591,Amazon Office,3.7,0,0,0,0,IE,2021-01-29T09:30:04.669875Z
54.240.197.233,53.3379,-6.2591,Amazon Office,3.7,0,0,0,0,IE,2021-01-29T10:30:07.156168Z
54.240.197.233,53.3379,-6.2591,Amazon Office,3.7,0,0,0,0,IE,2021-01-29T11:30:05.183591Z
81.111.29.191,52.2242,0.1315,Virgin Media,3.7,0,0,0,0,GB,2021-01-29T13:30:05.210981Z
81.111.29.191,52.2242,0.1315,Virgin Media,3.7,0,0,0,0,GB,2021-01-29T14:30:06.616224Z
81.111.29.191,52.2242,0.1315,Virgin Media,3.7,0,0,0,0,GB,2021-01-29T15:30:05.526155Z
54.240.197.235,53.3379,-6.2591,Amazon Office,3.7,0,0,0,0,IE,2021-01-29T16:30:05.952066Z
54.240.197.235,53.3379,-6.2591,Amazon Office,3.7,0,0,0,0,IE,2021-01-29T17:30:04.939754Z
54.240.197.235,53.3379,-6.2591,Amazon Office,3.7,0,0,0,0,IE,2021-01-29T19:30:04.830538Z
54.240.197.235,53.3379,-6.2591,Amazon Office,3.7,0,0,0,0,IE,2021-01-29T20:30:09.570403Z
54.240.197.235,53.3379,-6.2591,Amazon Office,3.7,0,0,0,0,IE,2021-01-29T21:30:05.793238Z
54.240.197.235,53.3379,-6.2591,Amazon Office,3.7,0,0,0,0,IE,2021-01-29T22:30:05.518322Z
54.240.197.235,53.3379,-6.2591,Amazon Office,3.7,0,0,0,0,IE,2021-01-29T23:30:05.043613Z
54.240.197.235,53.3379,-6.2591,Amazon Office,3.7,0,0,0,0,IE,2021-01-30T00:30:04.462571Z
54.240.197.235,53.3379,-6.2591,Amazon Office,3.7,0,0,0,0,IE,2021-01-30T01:30:05.991627Z
54.240.197.235,53.3379,-6.2591,Amazon Office,3.7,0,0,0,0,IE,2021-01-30T02:30:04.340356Z
54.240.197.235,53.3379,-6.2591,Amazon Office,3.7,0,0,0,0,IE,2021-01-30T03:30:05.728823Z
81.111.29.191,52.2242,0.1315,Virgin Media,3.7,0,0,0,0,GB,2021-01-30T13:30:11.583234Z
81.111.29.191,52.2242,0.1315,Virgin Media,3.7,0,0,0,0,GB,2021-01-30T14:30:05.687982Z
81.111.29.191,52.2242,0.1315,Virgin Media,3.7,0,0,0,0,GB,2021-01-30T15:30:04.573323Z
81.111.29.191,52.2242,0.1315,Virgin Media,3.7,0,0,0,0,GB,2021-01-30T16:30:03.972128Z
81.111.29.191,52.2242,0.1315,Virgin Media,3.7,0,0,0,0,GB,2021-01-30T17:30:09.850410Z
81.111.29.191,52.2242,0.1315,Virgin Media,3.7,0,0,0,0,GB,2021-01-30T18:30:03.879731Z
81.111.29.191,52.2242,0.1315,Virgin Media,3.7,0,0,0,0,GB,2021-01-31T16:30:06.641477Z
81.111.29.191,52.2242,0.1315,Virgin Media,3.7,0,0,0,0,GB,2021-01-31T17:30:07.742958Z
81.111.29.191,52.2242,0.1315,Virgin Media,3.7,0,0,0,0,GB,2021-01-31T19:30:04.654502Z
81.111.29.191,52.2242,0.1315,Virgin Media,3.7,0,0,0,0,GB,2021-01-31T20:30:04.593707Z
81.111.29.191,52.2242,0.1315,Virgin Media,3.7,0,0,0,0,GB,2021-01-31T23:31:42.508464Z
81.111.29.191,52.2242,0.1315,Virgin Media,3.7,0,0,0,0,GB,2021-02-01T09:30:07.916880Z
54.240.197.239,53.3379,-6.2591,Amazon Office,3.7,0,0,0,0,IE,2021-02-01T10:30:07.815635Z
54.240.197.239,53.3379,-6.2591,Amazon Office,3.7,0,0,0,0,IE,2021-02-01T11:30:07.115990Z
54.240.197.239,53.3379,-6.2591,Amazon Office,3.7,0,0,0,0,IE,2021-02-01T13:30:05.001656Z
54.240.197.239,53.3379,-6.2591,Amazon Office,3.7,0,0,0,0,IE,2021-02-01T14:30:04.554942Z
54.240.197.239,53.3379,-6.2591,Amazon Office,3.7,0,0,0,0,IE,2021-02-01T15:30:04.743756Z
54.240.197.239,53.3379,-6.2591,Amazon Office,3.7,0,0,0,0,IE,2021-02-01T16:30:04.858779Z
81.111.29.191,52.2242,0.1315,Virgin Media,3.7,0,0,0,0,GB,2021-02-01T17:30:11.397185Z
81.111.29.191,52.2242,0.1315,Virgin Media,3.7,0,0,0,0,GB,2021-02-01T19:30:04.700708Z
81.111.29.191,52.2242,0.1315,Virgin Media,3.7,0,0,0,0,GB,2021-02-01T20:30:04.778812Z
81.111.29.191,52.2242,0.1315,Virgin Media,3.7,0,0,0,0,GB,2021-02-01T21:30:07.101373Z
81.111.29.191,52.2242,0.1315,Virgin Media,3.7,0,0,0,0,GB,2021-02-01T22:30:07.207249Z
81.111.29.191,52.2242,0.1315,Virgin Media,3.7,0,0,0,0,GB,2021-02-01T23:30:05.756476Z
81.111.29.191,52.2242,0.1315,Virgin Media,3.7,0,0,0,0,GB,2021-02-02T00:30:06.475716Z
81.111.29.191,52.2242,0.1315,Virgin Media,3.7,0,0,0,0,GB,2021-02-02T09:30:06.787788Z
54.240.197.235,53.3379,-6.2591,Amazon Office,3.7,0,0,0,0,IE,2021-02-02T12:30:07.377585Z
54.240.197.235,53.3379,-6.2591,Amazon Office,3.7,0,0,0,0,IE,2021-02-02T14:30:06.143157Z
54.240.197.235,53.3379,-6.2591,Amazon Office,3.7,0,0,0,0,IE,2021-02-02T15:30:07.158427Z
54.240.197.235,53.3379,-6.2591,Amazon Office,3.7,0,0,0,0,IE,2021-02-02T16:30:04.933996Z
81.111.29.191,52.2242,0.1315,Virgin Media,3.7,0,0,0,0,GB,2021-02-03T10:30:18.054231Z
54.240.197.225,53.3379,-6.2591,Amazon Office,3.7,0,0,0,0,IE,2021-02-03T11:30:05.381501Z
54.240.197.225,53.3379,-6.2591,Amazon Office,3.7,0,0,0,0,IE,2021-02-03T12:30:05.978799Z
81.111.29.191,52.2242,0.1315,Virgin Media,3.7,0,0,0,0,GB,2021-02-03T13:30:05.484437Z
81.111.29.191,52.2242,0.1315,Virgin Media,3.7,0,0,0,0,GB,2021-02-03T14:30:06.636132Z
54.240.197.235,53.3379,-6.2591,Amazon Office,3.7,0,0,0,0,IE,2021-02-03T15:30:06.700629Z
54.240.197.235,53.3379,-6.2591,Amazon Office,3.7,0,0,0,0,IE,2021-02-03T16:30:07.379435Z
54.240.197.235,53.3379,-6.2591,Amazon Office,3.7,0,0,0,0,IE,2021-02-03T17:30:07.454943Z
54.240.197.235,53.3379,-6.2591,Amazon Office,3.7,0,0,0,0,IE,2021-02-03T18:30:05.484111Z
54.240.197.235,53.3379,-6.2591,Amazon Office,3.7,0,0,0,0,IE,2021-02-03T19:30:05.291800Z
54.240.197.235,53.3379,-6.2591,Amazon Office,3.7,0,0,0,0,IE,2021-02-03T21:30:04.629875Z
